sample_id,location,date,feature_name,parent_boundary,city,canton,feature_type,orchards,vineyards,buildings,forest,undefined,public_services,streets,code,pcs/m,quantity,project,region,doy
"('parc-des-pierrettes', '2016-10-13')",parc-des-pierrettes,2016-10-13,lac-leman,rhone,Saint-Sulpice (VD),Vaud,l,0.0,0.0,0.9434737923946556,0.0593342981186686,0.019471488178025,1.0,0.3893196638873568,G70,0.04,2,Solid-Waste-Team,Grand lac,
"('parc-des-pierrettes', '2017-10-05')",parc-des-pierrettes,2017-10-05,lac-leman,rhone,Saint-Sulpice (VD),Vaud,l,0.0,0.0,0.9434737923946556,0.0593342981186686,0.019471488178025,1.0,0.3893196638873568,G70,0.0,0,Solid-Waste-Team,Grand lac,
"('parc-des-pierrettes', '2019-10-10')",parc-des-pierrettes,2019-10-10,lac-leman,rhone,Saint-Sulpice (VD),Vaud,l,0.0,0.0,0.9434737923946556,0.0593342981186686,0.019471488178025,1.0,0.3893196638873568,G70,0.03,1,Solid-Waste-Team,Grand lac,
"('parc-des-pierrettes', '2020-10-01')",parc-des-pierrettes,2020-10-01,lac-leman,rhone,Saint-Sulpice (VD),Vaud,l,0.0,0.0,0.9434737923946556,0.0593342981186686,0.019471488178025,1.0,0.3893196638873568,G70,0.04,2,Solid-Waste-Team,Grand lac,
"('plage-de-dorigny', '2017-03-20')",plage-de-dorigny,2017-03-20,lac-leman,rhone,Saint-Sulpice (VD),Vaud,l,0.0,0.0,0.921891058581706,0.0506512301013024,0.0556328233657858,0.9337315842897989,0.4967070045096194,G70,0.0,0,Solid-Waste-Team,Grand lac,
"('plage-de-st-sulpice', '2016-10-13')",plage-de-st-sulpice,2016-10-13,lac-leman,rhone,Saint-Sulpice (VD),Vaud,l,0.0,0.0,0.960945529290853,0.0477568740955137,0.0083449235048678,0.8747136178051251,0.2641209486422476,G70,0.06,4,Solid-Waste-Team,Grand lac,
"('plage-de-st-sulpice', '2017-10-05')",plage-de-st-sulpice,2017-10-05,lac-leman,rhone,Saint-Sulpice (VD),Vaud,l,0.0,0.0,0.960945529290853,0.0477568740955137,0.0083449235048678,0.8747136178051251,0.2641209486422476,G70,0.07,6,Solid-Waste-Team,Grand lac,
"('plage-de-st-sulpice', '2020-10-01')",plage-de-st-sulpice,2020-10-01,lac-leman,rhone,Saint-Sulpice (VD),Vaud,l,0.0,0.0,0.960945529290853,0.0477568740955137,0.0083449235048678,0.8747136178051251,0.2641209486422476,G70,0.15,6,Solid-Waste-Team,Grand lac,
"('plage-de-st-sulpice', '2021-10-07')",plage-de-st-sulpice,2021-10-07,lac-leman,rhone,Saint-Sulpice (VD),Vaud,l,0.0,0.0,0.960945529290853,0.0477568740955137,0.0083449235048678,0.8747136178051251,0.2641209486422476,G70,0.0,2,Solid-Waste-Team,Grand lac,
"('saint-sulpice', '2018-11-06')",saint-sulpice,2018-11-06,lac-leman,rhone,Saint-Sulpice (VD),Vaud,l,0.2647058823529412,0.0480167014613778,0.8057553956834533,0.1273516642547033,0.0319888734353268,0.0208133883796386,0.3305972812510138,G70,0.0,0,Solid-Waste-Team,Grand lac,
"('tiger-duck-beach', '2018-10-16')",tiger-duck-beach,2018-10-16,lac-leman,rhone,Saint-Sulpice (VD),Vaud,l,0.0,0.0,0.9229188078108942,0.0506512301013024,0.0556328233657858,0.94904510494635,0.4815884242286604,G70,0.22,4,Solid-Waste-Team,Grand lac,
"('tiger-duck-beach', '2020-07-14')",tiger-duck-beach,2020-07-14,lac-leman,rhone,Saint-Sulpice (VD),Vaud,l,0.0,0.0,0.9229188078108942,0.0506512301013024,0.0556328233657858,0.94904510494635,0.4815884242286604,G70,0.04,1,Solid-Waste-Team,Grand lac,
"('tiger-duck-beach', '2020-10-01')",tiger-duck-beach,2020-10-01,lac-leman,rhone,Saint-Sulpice (VD),Vaud,l,0.0,0.0,0.9229188078108942,0.0506512301013024,0.0556328233657858,0.94904510494635,0.4815884242286604,G70,0.13,4,Solid-Waste-Team,Grand lac,
"('tiger-duck-beach', '2020-11-24')",tiger-duck-beach,2020-11-24,lac-leman,rhone,Saint-Sulpice (VD),Vaud,l,0.0,0.0,0.9229188078108942,0.0506512301013024,0.0556328233657858,0.94904510494635,0.4815884242286604,G70,0.0,0,Solid-Waste-Team,Grand lac,
"('tiger-duck-beach', '2021-10-07')",tiger-duck-beach,2021-10-07,lac-leman,rhone,Saint-Sulpice (VD),Vaud,l,0.0,0.0,0.9229188078108942,0.0506512301013024,0.0556328233657858,0.94904510494635,0.4815884242286604,G70,0.07,2,Solid-Waste-Team,Grand lac,
"('anarchy-beach', '2018-04-02')",anarchy-beach,2018-04-02,lac-leman,rhone,La Tour-de-Peilz,Vaud,l,0.0,0.0,0.9969167523124358,0.0,0.0041724617524339,0.1634492705534087,0.091360347792233,G70,0.0,0,SLR,Haut lac,
"('anarchy-beach', '2021-03-24')",anarchy-beach,2021-03-24,lac-leman,rhone,La Tour-de-Peilz,Vaud,l,0.0,0.0,0.9969167523124358,0.0,0.0041724617524339,0.1634492705534087,0.091360347792233,G70,0.18,5,IQAASL,Haut lac,
"('arabie', '2016-01-24')",arabie,2016-01-24,lac-leman,rhone,Vevey,Vaud,l,0.0,0.1440501043841336,0.9116135662898254,0.0,0.0236439499304589,0.1141244328736503,0.4672809265808,G70,1.15,46,MCBP,Haut lac,
"('arabie', '2016-04-02')",arabie,2016-04-02,lac-leman,rhone,Vevey,Vaud,l,0.0,0.1440501043841336,0.9116135662898254,0.0,0.0236439499304589,0.1141244328736503,0.4672809265808,G70,0.15,6,MCBP,Haut lac,
"('arabie', '2016-08-25')",arabie,2016-08-25,lac-leman,rhone,Vevey,Vaud,l,0.0,0.1440501043841336,0.9116135662898254,0.0,0.0236439499304589,0.1141244328736503,0.4672809265808,G70,0.28,11,MCBP,Haut lac,
"('arabie', '2017-02-16')",arabie,2017-02-16,lac-leman,rhone,Vevey,Vaud,l,0.0,0.1440501043841336,0.9116135662898254,0.0,0.0236439499304589,0.1141244328736503,0.4672809265808,G70,0.17,5,MCBP,Haut lac,
"('arabie', '2018-05-08')",arabie,2018-05-08,lac-leman,rhone,Vevey,Vaud,l,0.0,0.1440501043841336,0.9116135662898254,0.0,0.0236439499304589,0.1141244328736503,0.4672809265808,G70,0.3,9,Solid-Waste-Team,Haut lac,
"('baby-plage-geneva', '2020-05-05')",baby-plage-geneva,2020-05-05,lac-leman,rhone,Genève,Genève,l,0.0,0.0,0.8735868448098664,0.0,0.1710709318497914,0.4277254574205772,0.6944489504590727,G70,0.0,0,IQAASL,Petit lac,
"('baby-plage-geneva', '2020-06-09')",baby-plage-geneva,2020-06-09,lac-leman,rhone,Genève,Genève,l,0.0,0.0,0.8735868448098664,0.0,0.1710709318497914,0.4277254574205772,0.6944489504590727,G70,0.0,0,IQAASL,Petit lac,
"('baby-plage-geneva', '2020-07-07')",baby-plage-geneva,2020-07-07,lac-leman,rhone,Genève,Genève,l,0.0,0.0,0.8735868448098664,0.0,0.1710709318497914,0.4277254574205772,0.6944489504590727,G70,0.01,1,IQAASL,Petit lac,
"('baby-plage-geneva', '2020-08-18')",baby-plage-geneva,2020-08-18,lac-leman,rhone,Genève,Genève,l,0.0,0.0,0.8735868448098664,0.0,0.1710709318497914,0.4277254574205772,0.6944489504590727,G70,0.0,0,IQAASL,Petit lac,
"('baby-plage-geneva', '2020-10-20')",baby-plage-geneva,2020-10-20,lac-leman,rhone,Genève,Genève,l,0.0,0.0,0.8735868448098664,0.0,0.1710709318497914,0.4277254574205772,0.6944489504590727,G70,0.0,0,IQAASL,Petit lac,
"('baby-plage-geneva', '2020-11-18')",baby-plage-geneva,2020-11-18,lac-leman,rhone,Genève,Genève,l,0.0,0.0,0.8735868448098664,0.0,0.1710709318497914,0.4277254574205772,0.6944489504590727,G70,0.0,0,IQAASL,Petit lac,
"('baby-plage-geneva', '2020-12-16')",baby-plage-geneva,2020-12-16,lac-leman,rhone,Genève,Genève,l,0.0,0.0,0.8735868448098664,0.0,0.1710709318497914,0.4277254574205772,0.6944489504590727,G70,0.0,0,IQAASL,Petit lac,
"('baby-plage-geneva', '2021-01-16')",baby-plage-geneva,2021-01-16,lac-leman,rhone,Genève,Genève,l,0.0,0.0,0.8735868448098664,0.0,0.1710709318497914,0.4277254574205772,0.6944489504590727,G70,0.0,0,IQAASL,Petit lac,
"('baby-plage-geneva', '2021-02-10')",baby-plage-geneva,2021-02-10,lac-leman,rhone,Genève,Genève,l,0.0,0.0,0.8735868448098664,0.0,0.1710709318497914,0.4277254574205772,0.6944489504590727,G70,0.0,0,IQAASL,Petit lac,
"('baby-plage-geneva', '2021-03-10')",baby-plage-geneva,2021-03-10,lac-leman,rhone,Genève,Genève,l,0.0,0.0,0.8735868448098664,0.0,0.1710709318497914,0.4277254574205772,0.6944489504590727,G70,0.01,1,IQAASL,Petit lac,
"('baby-plage-geneva', '2021-04-14')",baby-plage-geneva,2021-04-14,lac-leman,rhone,Genève,Genève,l,0.0,0.0,0.8735868448098664,0.0,0.1710709318497914,0.4277254574205772,0.6944489504590727,G70,0.0,0,IQAASL,Petit lac,
"('baby-plage-ii-geneve', '2020-11-01')",baby-plage-ii-geneve,2020-11-01,lac-leman,rhone,Genève,Genève,l,0.0,0.0,0.9044193216855088,0.0,0.129346314325452,0.4237333703624644,0.6579177886643091,G70,0.0,0,IQAASL,Petit lac,
"('baby-plage-ii-geneve', '2020-12-08')",baby-plage-ii-geneve,2020-12-08,lac-leman,rhone,Genève,Genève,l,0.0,0.0,0.9044193216855088,0.0,0.129346314325452,0.4237333703624644,0.6579177886643091,G70,0.0,0,IQAASL,Petit lac,
"('bain-des-dames', '2016-03-26')",bain-des-dames,2016-03-26,lac-leman,rhone,La Tour-de-Peilz,Vaud,l,0.0,0.0020876826722338,0.997944501541624,0.0,0.0013908205841446,0.1211634266470476,0.193654089478636,G70,0.94,16,MCBP,Haut lac,
"('bain-des-dames', '2017-05-19')",bain-des-dames,2017-05-19,lac-leman,rhone,La Tour-de-Peilz,Vaud,l,0.0,0.0020876826722338,0.997944501541624,0.0,0.0013908205841446,0.1211634266470476,0.193654089478636,G70,0.13,4,SLR,Haut lac,
"('bain-des-dames', '2018-07-22')",bain-des-dames,2018-07-22,lac-leman,rhone,La Tour-de-Peilz,Vaud,l,0.0,0.0020876826722338,0.997944501541624,0.0,0.0013908205841446,0.1211634266470476,0.193654089478636,G70,0.05,1,Solid-Waste-Team,Haut lac,
"('bain-des-dames', '2020-06-11')",bain-des-dames,2020-06-11,lac-leman,rhone,La Tour-de-Peilz,Vaud,l,0.0,0.0020876826722338,0.997944501541624,0.0,0.0013908205841446,0.1211634266470476,0.193654089478636,G70,0.07,2,IQAASL,Haut lac,
"('baye-de-clarens', '2015-11-24')",baye-de-clarens,2015-11-24,lac-leman,rhone,Montreux,Vaud,l,0.0,0.0855949895615866,0.9301130524152108,0.0,0.0375521557719054,0.2039413977549697,0.216721279563962,G70,0.0,0,MCBP,Haut lac,
"('baye-de-clarens', '2015-12-02')",baye-de-clarens,2015-12-02,lac-leman,rhone,Montreux,Vaud,l,0.0,0.0855949895615866,0.9301130524152108,0.0,0.0375521557719054,0.2039413977549697,0.216721279563962,G70,0.0,0,MCBP,Haut lac,
"('baye-de-clarens', '2015-12-08')",baye-de-clarens,2015-12-08,lac-leman,rhone,Montreux,Vaud,l,0.0,0.0855949895615866,0.9301130524152108,0.0,0.0375521557719054,0.2039413977549697,0.216721279563962,G70,0.0,0,MCBP,Haut lac,
"('baye-de-clarens', '2015-12-16')",baye-de-clarens,2015-12-16,lac-leman,rhone,Montreux,Vaud,l,0.0,0.0855949895615866,0.9301130524152108,0.0,0.0375521557719054,0.2039413977549697,0.216721279563962,G70,0.06,4,MCBP,Haut lac,
"('baye-de-clarens', '2016-01-06')",baye-de-clarens,2016-01-06,lac-leman,rhone,Montreux,Vaud,l,0.0,0.0855949895615866,0.9301130524152108,0.0,0.0375521557719054,0.2039413977549697,0.216721279563962,G70,0.01,1,MCBP,Haut lac,
"('baye-de-clarens', '2016-01-23')",baye-de-clarens,2016-01-23,lac-leman,rhone,Montreux,Vaud,l,0.0,0.0855949895615866,0.9301130524152108,0.0,0.0375521557719054,0.2039413977549697,0.216721279563962,G70,0.09,6,MCBP,Haut lac,
"('baye-de-clarens', '2016-02-10')",baye-de-clarens,2016-02-10,lac-leman,rhone,Montreux,Vaud,l,0.0,0.0855949895615866,0.9301130524152108,0.0,0.0375521557719054,0.2039413977549697,0.216721279563962,G70,0.09,6,MCBP,Haut lac,
"('baye-de-clarens', '2016-03-24')",baye-de-clarens,2016-03-24,lac-leman,rhone,Montreux,Vaud,l,0.0,0.0855949895615866,0.9301130524152108,0.0,0.0375521557719054,0.2039413977549697,0.216721279563962,G70,0.01,1,MCBP,Haut lac,
"('baye-de-clarens', '2016-03-31')",baye-de-clarens,2016-03-31,lac-leman,rhone,Montreux,Vaud,l,0.0,0.0855949895615866,0.9301130524152108,0.0,0.0375521557719054,0.2039413977549697,0.216721279563962,G70,0.01,1,MCBP,Haut lac,
"('baye-de-clarens', '2016-04-07')",baye-de-clarens,2016-04-07,lac-leman,rhone,Montreux,Vaud,l,0.0,0.0855949895615866,0.9301130524152108,0.0,0.0375521557719054,0.2039413977549697,0.216721279563962,G70,0.04,3,MCBP,Haut lac,
"('baye-de-clarens', '2016-04-14')",baye-de-clarens,2016-04-14,lac-leman,rhone,Montreux,Vaud,l,0.0,0.0855949895615866,0.9301130524152108,0.0,0.0375521557719054,0.2039413977549697,0.216721279563962,G70,0.01,1,MCBP,Haut lac,
"('baye-de-clarens', '2016-05-10')",baye-de-clarens,2016-05-10,lac-leman,rhone,Montreux,Vaud,l,0.0,0.0855949895615866,0.9301130524152108,0.0,0.0375521557719054,0.2039413977549697,0.216721279563962,G70,0.03,2,MCBP,Haut lac,
"('baye-de-clarens', '2016-05-17')",baye-de-clarens,2016-05-17,lac-leman,rhone,Montreux,Vaud,l,0.0,0.0855949895615866,0.9301130524152108,0.0,0.0375521557719054,0.2039413977549697,0.216721279563962,G70,0.0,0,MCBP,Haut lac,
"('baye-de-montreux-d', '2015-12-04')",baye-de-montreux-d,2015-12-04,lac-leman,rhone,Montreux,Vaud,l,0.0,0.0,0.7040082219938335,0.170767004341534,0.2364394993045897,0.038707488724676,0.3573954514485936,G70,0.0,0,MCBP,Haut lac,
"('baye-de-montreux-d', '2015-12-10')",baye-de-montreux-d,2015-12-10,lac-leman,rhone,Montreux,Vaud,l,0.0,0.0,0.7040082219938335,0.170767004341534,0.2364394993045897,0.038707488724676,0.3573954514485936,G70,0.05,3,MCBP,Haut lac,
"('baye-de-montreux-d', '2015-12-17')",baye-de-montreux-d,2015-12-17,lac-leman,rhone,Montreux,Vaud,l,0.0,0.0,0.7040082219938335,0.170767004341534,0.2364394993045897,0.038707488724676,0.3573954514485936,G70,0.0,0,MCBP,Haut lac,
"('baye-de-montreux-d', '2016-01-07')",baye-de-montreux-d,2016-01-07,lac-leman,rhone,Montreux,Vaud,l,0.0,0.0,0.7040082219938335,0.170767004341534,0.2364394993045897,0.038707488724676,0.3573954514485936,G70,0.0,0,MCBP,Haut lac,
"('baye-de-montreux-d', '2016-01-19')",baye-de-montreux-d,2016-01-19,lac-leman,rhone,Montreux,Vaud,l,0.0,0.0,0.7040082219938335,0.170767004341534,0.2364394993045897,0.038707488724676,0.3573954514485936,G70,0.03,2,MCBP,Haut lac,
"('baye-de-montreux-d', '2016-03-24')",baye-de-montreux-d,2016-03-24,lac-leman,rhone,Montreux,Vaud,l,0.0,0.0,0.7040082219938335,0.170767004341534,0.2364394993045897,0.038707488724676,0.3573954514485936,G70,0.07,4,MCBP,Haut lac,
"('baye-de-montreux-d', '2016-04-07')",baye-de-montreux-d,2016-04-07,lac-leman,rhone,Montreux,Vaud,l,0.0,0.0,0.7040082219938335,0.170767004341534,0.2364394993045897,0.038707488724676,0.3573954514485936,G70,0.02,1,MCBP,Haut lac,
"('baye-de-montreux-d', '2016-04-14')",baye-de-montreux-d,2016-04-14,lac-leman,rhone,Montreux,Vaud,l,0.0,0.0,0.7040082219938335,0.170767004341534,0.2364394993045897,0.038707488724676,0.3573954514485936,G70,0.02,1,MCBP,Haut lac,
"('baye-de-montreux-d', '2016-05-17')",baye-de-montreux-d,2016-05-17,lac-leman,rhone,Montreux,Vaud,l,0.0,0.0,0.7040082219938335,0.170767004341534,0.2364394993045897,0.038707488724676,0.3573954514485936,G70,0.08,5,MCBP,Haut lac,
"('baye-de-montreux-d', '2016-05-28')",baye-de-montreux-d,2016-05-28,lac-leman,rhone,Montreux,Vaud,l,0.0,0.0,0.7040082219938335,0.170767004341534,0.2364394993045897,0.038707488724676,0.3573954514485936,G70,0.02,1,MCBP,Haut lac,
"('baye-de-montreux-d', '2016-06-28')",baye-de-montreux-d,2016-06-28,lac-leman,rhone,Montreux,Vaud,l,0.0,0.0,0.7040082219938335,0.170767004341534,0.2364394993045897,0.038707488724676,0.3573954514485936,G70,0.61,37,MCBP,Haut lac,
"('baye-de-montreux-d', '2016-07-05')",baye-de-montreux-d,2016-07-05,lac-leman,rhone,Montreux,Vaud,l,0.0,0.0,0.7040082219938335,0.170767004341534,0.2364394993045897,0.038707488724676,0.3573954514485936,G70,0.08,5,MCBP,Haut lac,
"('baye-de-montreux-d', '2016-07-10')",baye-de-montreux-d,2016-07-10,lac-leman,rhone,Montreux,Vaud,l,0.0,0.0,0.7040082219938335,0.170767004341534,0.2364394993045897,0.038707488724676,0.3573954514485936,G70,0.07,4,MCBP,Haut lac,
"('baye-de-montreux-d', '2016-07-16')",baye-de-montreux-d,2016-07-16,lac-leman,rhone,Montreux,Vaud,l,0.0,0.0,0.7040082219938335,0.170767004341534,0.2364394993045897,0.038707488724676,0.3573954514485936,G70,0.08,5,MCBP,Haut lac,
"('baye-de-montreux-d', '2016-07-19')",baye-de-montreux-d,2016-07-19,lac-leman,rhone,Montreux,Vaud,l,0.0,0.0,0.7040082219938335,0.170767004341534,0.2364394993045897,0.038707488724676,0.3573954514485936,G70,0.03,2,MCBP,Haut lac,
"('baye-de-montreux-d', '2016-12-16')",baye-de-montreux-d,2016-12-16,lac-leman,rhone,Montreux,Vaud,l,0.0,0.0,0.7040082219938335,0.170767004341534,0.2364394993045897,0.038707488724676,0.3573954514485936,G70,0.0,0,MCBP,Haut lac,
"('baye-de-montreux-g', '2015-11-23')",baye-de-montreux-g,2015-11-23,lac-leman,rhone,Montreux,Vaud,l,0.0,0.0,0.7040082219938335,0.170767004341534,0.2364394993045897,0.0387603381830401,0.3555461830451286,G70,0.03,2,MCBP,Haut lac,
"('baye-de-montreux-g', '2015-12-04')",baye-de-montreux-g,2015-12-04,lac-leman,rhone,Montreux,Vaud,l,0.0,0.0,0.7040082219938335,0.170767004341534,0.2364394993045897,0.0387603381830401,0.3555461830451286,G70,0.03,2,MCBP,Haut lac,
"('baye-de-montreux-g', '2015-12-10')",baye-de-montreux-g,2015-12-10,lac-leman,rhone,Montreux,Vaud,l,0.0,0.0,0.7040082219938335,0.170767004341534,0.2364394993045897,0.0387603381830401,0.3555461830451286,G70,0.03,2,MCBP,Haut lac,
"('baye-de-montreux-g', '2015-12-17')",baye-de-montreux-g,2015-12-17,lac-leman,rhone,Montreux,Vaud,l,0.0,0.0,0.7040082219938335,0.170767004341534,0.2364394993045897,0.0387603381830401,0.3555461830451286,G70,0.05,3,MCBP,Haut lac,
"('baye-de-montreux-g', '2015-12-30')",baye-de-montreux-g,2015-12-30,lac-leman,rhone,Montreux,Vaud,l,0.0,0.0,0.7040082219938335,0.170767004341534,0.2364394993045897,0.0387603381830401,0.3555461830451286,G70,0.05,3,MCBP,Haut lac,
"('baye-de-montreux-g', '2016-01-13')",baye-de-montreux-g,2016-01-13,lac-leman,rhone,Montreux,Vaud,l,0.0,0.0,0.7040082219938335,0.170767004341534,0.2364394993045897,0.0387603381830401,0.3555461830451286,G70,0.2,12,MCBP,Haut lac,
"('baye-de-montreux-g', '2016-01-19')",baye-de-montreux-g,2016-01-19,lac-leman,rhone,Montreux,Vaud,l,0.0,0.0,0.7040082219938335,0.170767004341534,0.2364394993045897,0.0387603381830401,0.3555461830451286,G70,0.02,1,MCBP,Haut lac,
"('baye-de-montreux-g', '2016-02-11')",baye-de-montreux-g,2016-02-11,lac-leman,rhone,Montreux,Vaud,l,0.0,0.0,0.7040082219938335,0.170767004341534,0.2364394993045897,0.0387603381830401,0.3555461830451286,G70,0.13,8,MCBP,Haut lac,
"('baye-de-montreux-g', '2016-03-10')",baye-de-montreux-g,2016-03-10,lac-leman,rhone,Montreux,Vaud,l,0.0,0.0,0.7040082219938335,0.170767004341534,0.2364394993045897,0.0387603381830401,0.3555461830451286,G70,0.1,6,MCBP,Haut lac,
"('baye-de-montreux-g', '2016-06-22')",baye-de-montreux-g,2016-06-22,lac-leman,rhone,Montreux,Vaud,l,0.0,0.0,0.7040082219938335,0.170767004341534,0.2364394993045897,0.0387603381830401,0.3555461830451286,G70,0.05,3,MCBP,Haut lac,
"('baye-de-montreux-g', '2016-07-15')",baye-de-montreux-g,2016-07-15,lac-leman,rhone,Montreux,Vaud,l,0.0,0.0,0.7040082219938335,0.170767004341534,0.2364394993045897,0.0387603381830401,0.3555461830451286,G70,0.05,3,MCBP,Haut lac,
"('baye-de-montreux-g', '2016-12-16')",baye-de-montreux-g,2016-12-16,lac-leman,rhone,Montreux,Vaud,l,0.0,0.0,0.7040082219938335,0.170767004341534,0.2364394993045897,0.0387603381830401,0.3555461830451286,G70,0.0,0,MCBP,Haut lac,
"('baye-de-montreux-g', '2020-05-07')",baye-de-montreux-g,2020-05-07,lac-leman,rhone,Montreux,Vaud,l,0.0,0.0,0.7040082219938335,0.170767004341534,0.2364394993045897,0.0387603381830401,0.3555461830451286,G70,0.0,0,IQAASL,Haut lac,
"('baye-de-montreux-g', '2020-06-02')",baye-de-montreux-g,2020-06-02,lac-leman,rhone,Montreux,Vaud,l,0.0,0.0,0.7040082219938335,0.170767004341534,0.2364394993045897,0.0387603381830401,0.3555461830451286,G70,0.0,0,IQAASL,Haut lac,
"('baye-de-montreux-g', '2020-07-14')",baye-de-montreux-g,2020-07-14,lac-leman,rhone,Montreux,Vaud,l,0.0,0.0,0.7040082219938335,0.170767004341534,0.2364394993045897,0.0387603381830401,0.3555461830451286,G70,0.0,0,IQAASL,Haut lac,
"('baye-de-montreux-g', '2020-08-11')",baye-de-montreux-g,2020-08-11,lac-leman,rhone,Montreux,Vaud,l,0.0,0.0,0.7040082219938335,0.170767004341534,0.2364394993045897,0.0387603381830401,0.3555461830451286,G70,0.05,1,IQAASL,Haut lac,
"('baye-de-montreux-g', '2020-09-08')",baye-de-montreux-g,2020-09-08,lac-leman,rhone,Montreux,Vaud,l,0.0,0.0,0.7040082219938335,0.170767004341534,0.2364394993045897,0.0387603381830401,0.3555461830451286,G70,0.06,2,IQAASL,Haut lac,
"('baye-de-montreux-g', '2020-10-15')",baye-de-montreux-g,2020-10-15,lac-leman,rhone,Montreux,Vaud,l,0.0,0.0,0.7040082219938335,0.170767004341534,0.2364394993045897,0.0387603381830401,0.3555461830451286,G70,0.0,0,IQAASL,Haut lac,
"('boiron', '2016-04-28')",boiron,2016-04-28,lac-leman,rhone,Tolochenaz,Vaud,l,0.553921568627451,0.1795407098121085,0.3463514902363823,0.0636758321273516,0.5465924895688458,0.0180992481541287,0.2029328748012847,G70,0.02,2,MCBP,Grand lac,
"('boiron', '2020-11-04')",boiron,2020-11-04,lac-leman,rhone,Tolochenaz,Vaud,l,0.553921568627451,0.1795407098121085,0.3463514902363823,0.0636758321273516,0.5465924895688458,0.0180992481541287,0.2029328748012847,G70,0.0,0,IQAASL,Grand lac,
"('cully-plage', '2020-06-25')",cully-plage,2020-06-25,lac-leman,rhone,Bourg-en-Lavaux,Vaud,l,0.0490196078431372,1.0,0.1839671120246659,0.0998552821997105,0.3268428372739916,0.0208661502912996,0.3693670311131298,G70,0.0,0,IQAASL,Haut lac,
"('cully-plage', '2021-02-04')",cully-plage,2021-02-04,lac-leman,rhone,Bourg-en-Lavaux,Vaud,l,0.0490196078431372,1.0,0.1839671120246659,0.0998552821997105,0.3268428372739916,0.0208661502912996,0.3693670311131298,G70,0.25,3,IQAASL,Haut lac,
"('grand-clos', '2016-09-21')",grand-clos,2016-09-21,lac-leman,rhone,Saint-Gingolph,Valais,l,0.0,0.0,0.2507708119218911,0.7250361794500725,0.3171070931849791,0.0311906607519274,0.0984005450475294,G70,1.64,46,MCBP,Haut lac,
"('grand-clos', '2017-10-22')",grand-clos,2017-10-22,lac-leman,rhone,Saint-Gingolph,Valais,l,0.0,0.0,0.2507708119218911,0.7250361794500725,0.3171070931849791,0.0311906607519274,0.0984005450475294,G70,0.14,4,SLR,Haut lac,
"('grand-clos', '2020-05-07')",grand-clos,2020-05-07,lac-leman,rhone,Saint-Gingolph,Valais,l,0.0,0.0,0.2507708119218911,0.7250361794500725,0.3171070931849791,0.0311906607519274,0.0984005450475294,G70,0.84,27,IQAASL,Haut lac,
"('grand-clos', '2020-06-09')",grand-clos,2020-06-09,lac-leman,rhone,Saint-Gingolph,Valais,l,0.0,0.0,0.2507708119218911,0.7250361794500725,0.3171070931849791,0.0311906607519274,0.0984005450475294,G70,0.53,18,IQAASL,Haut lac,
"('grand-clos', '2020-07-07')",grand-clos,2020-07-07,lac-leman,rhone,Saint-Gingolph,Valais,l,0.0,0.0,0.2507708119218911,0.7250361794500725,0.3171070931849791,0.0311906607519274,0.0984005450475294,G70,1.54,43,IQAASL,Haut lac,
"('grand-clos', '2020-08-06')",grand-clos,2020-08-06,lac-leman,rhone,Saint-Gingolph,Valais,l,0.0,0.0,0.2507708119218911,0.7250361794500725,0.3171070931849791,0.0311906607519274,0.0984005450475294,G70,0.81,21,IQAASL,Haut lac,
"('grand-clos', '2020-09-08')",grand-clos,2020-09-08,lac-leman,rhone,Saint-Gingolph,Valais,l,0.0,0.0,0.2507708119218911,0.7250361794500725,0.3171070931849791,0.0311906607519274,0.0984005450475294,G70,0.4,18,IQAASL,Haut lac,
"('grand-clos', '2020-10-06')",grand-clos,2020-10-06,lac-leman,rhone,Saint-Gingolph,Valais,l,0.0,0.0,0.2507708119218911,0.7250361794500725,0.3171070931849791,0.0311906607519274,0.0984005450475294,G70,0.61,17,IQAASL,Haut lac,
"('grand-clos', '2020-12-08')",grand-clos,2020-12-08,lac-leman,rhone,Saint-Gingolph,Valais,l,0.0,0.0,0.2507708119218911,0.7250361794500725,0.3171070931849791,0.0311906607519274,0.0984005450475294,G70,0.61,19,IQAASL,Haut lac,
"('grand-clos', '2021-01-07')",grand-clos,2021-01-07,lac-leman,rhone,Saint-Gingolph,Valais,l,0.0,0.0,0.2507708119218911,0.7250361794500725,0.3171070931849791,0.0311906607519274,0.0984005450475294,G70,0.26,18,IQAASL,Haut lac,
"('grand-clos', '2021-02-09')",grand-clos,2021-02-09,lac-leman,rhone,Saint-Gingolph,Valais,l,0.0,0.0,0.2507708119218911,0.7250361794500725,0.3171070931849791,0.0311906607519274,0.0984005450475294,G70,0.08,5,IQAASL,Haut lac,
"('grand-clos', '2021-03-09')",grand-clos,2021-03-09,lac-leman,rhone,Saint-Gingolph,Valais,l,0.0,0.0,0.2507708119218911,0.7250361794500725,0.3171070931849791,0.0311906607519274,0.0984005450475294,G70,0.83,15,IQAASL,Haut lac,
"('grand-clos', '2021-04-10')",grand-clos,2021-04-10,lac-leman,rhone,Saint-Gingolph,Valais,l,0.0,0.0,0.2507708119218911,0.7250361794500725,0.3171070931849791,0.0311906607519274,0.0984005450475294,G70,0.55,17,IQAASL,Haut lac,
"('jardin-botanique', '2016-04-24')",jardin-botanique,2016-04-24,lac-leman,rhone,Genève,Genève,l,0.0,0.0,1.0,0.0,0.0,0.56574631428555,0.3717029490964539,G70,0.11,7,MCBP,Petit lac,
"('jardin-botanique', '2016-05-03')",jardin-botanique,2016-05-03,lac-leman,rhone,Genève,Genève,l,0.0,0.0,1.0,0.0,0.0,0.56574631428555,0.3717029490964539,G70,0.02,1,MCBP,Petit lac,
"('jardin-botanique', '2016-05-08')",jardin-botanique,2016-05-08,lac-leman,rhone,Genève,Genève,l,0.0,0.0,1.0,0.0,0.0,0.56574631428555,0.3717029490964539,G70,0.02,1,MCBP,Petit lac,
"('la-morges', '2017-04-09')",la-morges,2017-04-09,lac-leman,rhone,Morges,Vaud,l,0.0637254901960784,0.0104384133611691,0.9044193216855088,0.0,0.1029207232267037,0.0966047605236845,0.3424715309995783,G70,0.0,0,SLR,Grand lac,
"('la-pecherie', '2020-06-23')",la-pecherie,2020-06-23,lac-leman,rhone,Allaman,Vaud,l,0.8382352941176472,0.3382045929018789,0.0853031860226104,0.1389290882778582,0.639777468706537,0.0272789976982322,0.1600752684683515,G70,0.03,1,IQAASL,Grand lac,
"('la-pecherie', '2020-10-06')",la-pecherie,2020-10-06,lac-leman,rhone,Allaman,Vaud,l,0.8382352941176472,0.3382045929018789,0.0853031860226104,0.1389290882778582,0.639777468706537,0.0272789976982322,0.1600752684683515,G70,0.22,8,IQAASL,Grand lac,
"('la-pecherie', '2021-01-22')",la-pecherie,2021-01-22,lac-leman,rhone,Allaman,Vaud,l,0.8382352941176472,0.3382045929018789,0.0853031860226104,0.1389290882778582,0.639777468706537,0.0272789976982322,0.1600752684683515,G70,0.17,3,IQAASL,Grand lac,
"('lacleman_gland_kubela', '2017-05-25')",lacleman_gland_kubela,2017-05-25,lac-leman,rhone,Gland,Vaud,l,0.0,0.0,0.0339157245632065,0.5137481910274964,0.8136300417246176,0.0007768815587581,0.1652661973201829,G70,0.0,0,SLR,Petit lac,
"('lacleman_gland_kubela', '2017-06-28')",lacleman_gland_kubela,2017-06-28,lac-leman,rhone,Gland,Vaud,l,0.0,0.0,0.0339157245632065,0.5137481910274964,0.8136300417246176,0.0007768815587581,0.1652661973201829,G70,0.0,0,SLR,Petit lac,
"('lacleman_gland_kubela', '2017-07-25')",lacleman_gland_kubela,2017-07-25,lac-leman,rhone,Gland,Vaud,l,0.0,0.0,0.0339157245632065,0.5137481910274964,0.8136300417246176,0.0007768815587581,0.1652661973201829,G70,0.0,0,SLR,Petit lac,
"('lacleman_gland_kubela', '2017-08-29')",lacleman_gland_kubela,2017-08-29,lac-leman,rhone,Gland,Vaud,l,0.0,0.0,0.0339157245632065,0.5137481910274964,0.8136300417246176,0.0007768815587581,0.1652661973201829,G70,0.0,0,SLR,Petit lac,
"('lacleman_gland_kubela', '2017-09-28')",lacleman_gland_kubela,2017-09-28,lac-leman,rhone,Gland,Vaud,l,0.0,0.0,0.0339157245632065,0.5137481910274964,0.8136300417246176,0.0007768815587581,0.1652661973201829,G70,0.0,0,SLR,Petit lac,
"('lacleman_gland_kubela', '2017-10-26')",lacleman_gland_kubela,2017-10-26,lac-leman,rhone,Gland,Vaud,l,0.0,0.0,0.0339157245632065,0.5137481910274964,0.8136300417246176,0.0007768815587581,0.1652661973201829,G70,0.0,0,SLR,Petit lac,
"('lacleman_gland_kubela', '2017-11-28')",lacleman_gland_kubela,2017-11-28,lac-leman,rhone,Gland,Vaud,l,0.0,0.0,0.0339157245632065,0.5137481910274964,0.8136300417246176,0.0007768815587581,0.1652661973201829,G70,0.0,0,SLR,Petit lac,
"('lacleman_gland_kubela', '2017-12-16')",lacleman_gland_kubela,2017-12-16,lac-leman,rhone,Gland,Vaud,l,0.0,0.0,0.0339157245632065,0.5137481910274964,0.8136300417246176,0.0007768815587581,0.1652661973201829,G70,0.0,0,SLR,Petit lac,
"('lacleman_gland_kubela', '2018-01-19')",lacleman_gland_kubela,2018-01-19,lac-leman,rhone,Gland,Vaud,l,0.0,0.0,0.0339157245632065,0.5137481910274964,0.8136300417246176,0.0007768815587581,0.1652661973201829,G70,0.0,0,SLR,Petit lac,
"('lacleman_gland_kubela', '2018-02-19')",lacleman_gland_kubela,2018-02-19,lac-leman,rhone,Gland,Vaud,l,0.0,0.0,0.0339157245632065,0.5137481910274964,0.8136300417246176,0.0007768815587581,0.1652661973201829,G70,0.0,0,SLR,Petit lac,
"('lacleman_gland_kubela', '2018-03-18')",lacleman_gland_kubela,2018-03-18,lac-leman,rhone,Gland,Vaud,l,0.0,0.0,0.0339157245632065,0.5137481910274964,0.8136300417246176,0.0007768815587581,0.1652661973201829,G70,0.0,0,SLR,Petit lac,
"('lacleman_gland_lecoanets', '2017-07-11')",lacleman_gland_lecoanets,2017-07-11,lac-leman,rhone,Gland,Vaud,l,0.0,0.0,0.0318602261048304,0.5151953690303908,0.8150208623087623,0.0006604205635157,0.1643902280764364,G70,0.0,0,SLR,Petit lac,
"('lacleman_gland_lecoanets', '2017-08-07')",lacleman_gland_lecoanets,2017-08-07,lac-leman,rhone,Gland,Vaud,l,0.0,0.0,0.0318602261048304,0.5151953690303908,0.8150208623087623,0.0006604205635157,0.1643902280764364,G70,0.0,0,SLR,Petit lac,
"('lacleman_gland_lecoanets', '2017-09-12')",lacleman_gland_lecoanets,2017-09-12,lac-leman,rhone,Gland,Vaud,l,0.0,0.0,0.0318602261048304,0.5151953690303908,0.8150208623087623,0.0006604205635157,0.1643902280764364,G70,0.0,0,SLR,Petit lac,
"('lacleman_gland_lecoanets', '2017-10-10')",lacleman_gland_lecoanets,2017-10-10,lac-leman,rhone,Gland,Vaud,l,0.0,0.0,0.0318602261048304,0.5151953690303908,0.8150208623087623,0.0006604205635157,0.1643902280764364,G70,0.0,0,SLR,Petit lac,
"('lacleman_gland_lecoanets', '2017-11-17')",lacleman_gland_lecoanets,2017-11-17,lac-leman,rhone,Gland,Vaud,l,0.0,0.0,0.0318602261048304,0.5151953690303908,0.8150208623087623,0.0006604205635157,0.1643902280764364,G70,0.0,0,SLR,Petit lac,
"('lacleman_gland_lecoanets', '2017-12-16')",lacleman_gland_lecoanets,2017-12-16,lac-leman,rhone,Gland,Vaud,l,0.0,0.0,0.0318602261048304,0.5151953690303908,0.8150208623087623,0.0006604205635157,0.1643902280764364,G70,0.0,0,SLR,Petit lac,
"('lacleman_gland_lecoanets', '2018-01-19')",lacleman_gland_lecoanets,2018-01-19,lac-leman,rhone,Gland,Vaud,l,0.0,0.0,0.0318602261048304,0.5151953690303908,0.8150208623087623,0.0006604205635157,0.1643902280764364,G70,0.0,0,SLR,Petit lac,
"('lacleman_gland_lecoanets', '2018-02-19')",lacleman_gland_lecoanets,2018-02-19,lac-leman,rhone,Gland,Vaud,l,0.0,0.0,0.0318602261048304,0.5151953690303908,0.8150208623087623,0.0006604205635157,0.1643902280764364,G70,0.0,0,SLR,Petit lac,
"('lacleman_gland_lecoanets', '2018-03-18')",lacleman_gland_lecoanets,2018-03-18,lac-leman,rhone,Gland,Vaud,l,0.0,0.0,0.0318602261048304,0.5151953690303908,0.8150208623087623,0.0006604205635157,0.1643902280764364,G70,0.0,0,SLR,Petit lac,
"('lacleman_gland_lecoanets', '2020-06-15')",lacleman_gland_lecoanets,2020-06-15,lac-leman,rhone,Gland,Vaud,l,0.0,0.0,0.0318602261048304,0.5151953690303908,0.8150208623087623,0.0006604205635157,0.1643902280764364,G70,0.0,0,IQAASL,Petit lac,
"('lacleman_gland_lecoanets', '2020-10-27')",lacleman_gland_lecoanets,2020-10-27,lac-leman,rhone,Gland,Vaud,l,0.0,0.0,0.0318602261048304,0.5151953690303908,0.8150208623087623,0.0006604205635157,0.1643902280764364,G70,0.05,2,IQAASL,Petit lac,
"('lacleman_vidy_santie', '2017-04-30')",lacleman_vidy_santie,2017-04-30,lac-leman,rhone,Lausanne,Vaud,l,0.0,0.0,0.9229188078108942,0.0506512301013024,0.0556328233657858,0.8104157460903472,0.5876455893326412,G70,0.0,0,SLR,Grand lac,
"('lacleman_vidy_santie', '2017-05-23')",lacleman_vidy_santie,2017-05-23,lac-leman,rhone,Lausanne,Vaud,l,0.0,0.0,0.9229188078108942,0.0506512301013024,0.0556328233657858,0.8104157460903472,0.5876455893326412,G70,0.0,0,SLR,Grand lac,
"('lacleman_vidy_santie', '2017-06-16')",lacleman_vidy_santie,2017-06-16,lac-leman,rhone,Lausanne,Vaud,l,0.0,0.0,0.9229188078108942,0.0506512301013024,0.0556328233657858,0.8104157460903472,0.5876455893326412,G70,0.0,0,SLR,Grand lac,
"('lacleman_vidy_santie', '2017-07-21')",lacleman_vidy_santie,2017-07-21,lac-leman,rhone,Lausanne,Vaud,l,0.0,0.0,0.9229188078108942,0.0506512301013024,0.0556328233657858,0.8104157460903472,0.5876455893326412,G70,0.0,0,SLR,Grand lac,
"('lacleman_vidy_santie', '2017-08-25')",lacleman_vidy_santie,2017-08-25,lac-leman,rhone,Lausanne,Vaud,l,0.0,0.0,0.9229188078108942,0.0506512301013024,0.0556328233657858,0.8104157460903472,0.5876455893326412,G70,0.0,0,SLR,Grand lac,
"('lacleman_vidy_santie', '2017-09-26')",lacleman_vidy_santie,2017-09-26,lac-leman,rhone,Lausanne,Vaud,l,0.0,0.0,0.9229188078108942,0.0506512301013024,0.0556328233657858,0.8104157460903472,0.5876455893326412,G70,0.0,0,SLR,Grand lac,
"('lacleman_vidy_santie', '2017-10-24')",lacleman_vidy_santie,2017-10-24,lac-leman,rhone,Lausanne,Vaud,l,0.0,0.0,0.9229188078108942,0.0506512301013024,0.0556328233657858,0.8104157460903472,0.5876455893326412,G70,0.0,0,SLR,Grand lac,
"('lacleman_vidy_santie', '2017-11-17')",lacleman_vidy_santie,2017-11-17,lac-leman,rhone,Lausanne,Vaud,l,0.0,0.0,0.9229188078108942,0.0506512301013024,0.0556328233657858,0.8104157460903472,0.5876455893326412,G70,0.0,0,SLR,Grand lac,
"('lacleman_vidy_santie', '2017-12-26')",lacleman_vidy_santie,2017-12-26,lac-leman,rhone,Lausanne,Vaud,l,0.0,0.0,0.9229188078108942,0.0506512301013024,0.0556328233657858,0.8104157460903472,0.5876455893326412,G70,0.0,0,SLR,Grand lac,
"('lacleman_vidy_santie', '2018-01-23')",lacleman_vidy_santie,2018-01-23,lac-leman,rhone,Lausanne,Vaud,l,0.0,0.0,0.9229188078108942,0.0506512301013024,0.0556328233657858,0.8104157460903472,0.5876455893326412,G70,0.0,0,SLR,Grand lac,
"('lacleman_vidy_santie', '2018-02-26')",lacleman_vidy_santie,2018-02-26,lac-leman,rhone,Lausanne,Vaud,l,0.0,0.0,0.9229188078108942,0.0506512301013024,0.0556328233657858,0.8104157460903472,0.5876455893326412,G70,0.0,0,SLR,Grand lac,
"('lacleman_vidy_santie', '2018-03-26')",lacleman_vidy_santie,2018-03-26,lac-leman,rhone,Lausanne,Vaud,l,0.0,0.0,0.9229188078108942,0.0506512301013024,0.0556328233657858,0.8104157460903472,0.5876455893326412,G70,0.0,0,SLR,Grand lac,
"('le-pierrier', '2016-01-13')",le-pierrier,2016-01-13,lac-leman,rhone,Montreux,Vaud,l,0.0,0.0835073068893528,0.9321685508735869,0.0,0.0361613351877607,0.2036278797405209,0.2160075268468351,G70,0.22,11,MCBP,Haut lac,
"('le-pierrier', '2016-03-14')",le-pierrier,2016-03-14,lac-leman,rhone,Montreux,Vaud,l,0.0,0.0835073068893528,0.9321685508735869,0.0,0.0361613351877607,0.2036278797405209,0.2160075268468351,G70,1.0,51,MCBP,Haut lac,
"('le-pierrier', '2016-05-30')",le-pierrier,2016-05-30,lac-leman,rhone,Montreux,Vaud,l,0.0,0.0835073068893528,0.9321685508735869,0.0,0.0361613351877607,0.2036278797405209,0.2160075268468351,G70,0.24,12,MCBP,Haut lac,
"('le-pierrier', '2017-05-25')",le-pierrier,2017-05-25,lac-leman,rhone,Montreux,Vaud,l,0.0,0.0835073068893528,0.9321685508735869,0.0,0.0361613351877607,0.2036278797405209,0.2160075268468351,G70,0.39,22,SLR,Haut lac,
"('le-pierrier', '2020-11-17')",le-pierrier,2020-11-17,lac-leman,rhone,Montreux,Vaud,l,0.0,0.0835073068893528,0.9321685508735869,0.0,0.0361613351877607,0.2036278797405209,0.2160075268468351,G70,0.05,3,IQAASL,Haut lac,
"('le-port', '2016-04-19')",le-port,2016-04-19,lac-leman,rhone,La Tour-de-Peilz,Vaud,l,0.0,0.0,0.998972250770812,0.0,0.0013908205841446,0.1228941746354565,0.2293741686403011,G70,0.47,8,MCBP,Haut lac,
"('maladaire', '2016-03-31')",maladaire,2016-03-31,lac-leman,rhone,La Tour-de-Peilz,Vaud,l,0.0,0.3215031315240084,0.8314491264131552,0.0,0.0125173852573018,0.1207509031550493,0.2181812283035395,G70,0.17,10,MCBP,Haut lac,
"('maladaire', '2016-05-31')",maladaire,2016-05-31,lac-leman,rhone,La Tour-de-Peilz,Vaud,l,0.0,0.3215031315240084,0.8314491264131552,0.0,0.0125173852573018,0.1207509031550493,0.2181812283035395,G70,0.17,10,MCBP,Haut lac,
"('maladaire', '2020-05-28')",maladaire,2020-05-28,lac-leman,rhone,La Tour-de-Peilz,Vaud,l,0.0,0.3215031315240084,0.8314491264131552,0.0,0.0125173852573018,0.1207509031550493,0.2181812283035395,G70,0.09,5,IQAASL,Haut lac,
"('maladaire', '2020-06-28')",maladaire,2020-06-28,lac-leman,rhone,La Tour-de-Peilz,Vaud,l,0.0,0.3215031315240084,0.8314491264131552,0.0,0.0125173852573018,0.1207509031550493,0.2181812283035395,G70,0.27,15,IQAASL,Haut lac,
"('maladaire', '2020-07-29')",maladaire,2020-07-29,lac-leman,rhone,La Tour-de-Peilz,Vaud,l,0.0,0.3215031315240084,0.8314491264131552,0.0,0.0125173852573018,0.1207509031550493,0.2181812283035395,G70,0.02,1,IQAASL,Haut lac,
"('maladaire', '2020-08-31')",maladaire,2020-08-31,lac-leman,rhone,La Tour-de-Peilz,Vaud,l,0.0,0.3215031315240084,0.8314491264131552,0.0,0.0125173852573018,0.1207509031550493,0.2181812283035395,G70,0.04,2,IQAASL,Haut lac,
"('maladaire', '2020-09-30')",maladaire,2020-09-30,lac-leman,rhone,La Tour-de-Peilz,Vaud,l,0.0,0.3215031315240084,0.8314491264131552,0.0,0.0125173852573018,0.1207509031550493,0.2181812283035395,G70,0.0,0,IQAASL,Haut lac,
"('maladaire', '2020-10-29')",maladaire,2020-10-29,lac-leman,rhone,La Tour-de-Peilz,Vaud,l,0.0,0.3215031315240084,0.8314491264131552,0.0,0.0125173852573018,0.1207509031550493,0.2181812283035395,G70,0.02,1,IQAASL,Haut lac,
"('maladaire', '2020-11-27')",maladaire,2020-11-27,lac-leman,rhone,La Tour-de-Peilz,Vaud,l,0.0,0.3215031315240084,0.8314491264131552,0.0,0.0125173852573018,0.1207509031550493,0.2181812283035395,G70,0.06,3,IQAASL,Haut lac,
"('maladaire', '2020-12-29')",maladaire,2020-12-29,lac-leman,rhone,La Tour-de-Peilz,Vaud,l,0.0,0.3215031315240084,0.8314491264131552,0.0,0.0125173852573018,0.1207509031550493,0.2181812283035395,G70,0.0,0,IQAASL,Haut lac,
"('maladaire', '2021-01-29')",maladaire,2021-01-29,lac-leman,rhone,La Tour-de-Peilz,Vaud,l,0.0,0.3215031315240084,0.8314491264131552,0.0,0.0125173852573018,0.1207509031550493,0.2181812283035395,G70,0.0,0,IQAASL,Haut lac,
"('maladaire', '2021-03-02')",maladaire,2021-03-02,lac-leman,rhone,La Tour-de-Peilz,Vaud,l,0.0,0.3215031315240084,0.8314491264131552,0.0,0.0125173852573018,0.1207509031550493,0.2181812283035395,G70,0.0,0,IQAASL,Haut lac,
"('maladaire', '2021-03-30')",maladaire,2021-03-30,lac-leman,rhone,La Tour-de-Peilz,Vaud,l,0.0,0.3215031315240084,0.8314491264131552,0.0,0.0125173852573018,0.1207509031550493,0.2181812283035395,G70,0.0,0,IQAASL,Haut lac,
"('maladaire', '2021-05-01')",maladaire,2021-05-01,lac-leman,rhone,La Tour-de-Peilz,Vaud,l,0.0,0.3215031315240084,0.8314491264131552,0.0,0.0125173852573018,0.1207509031550493,0.2181812283035395,G70,0.0,0,IQAASL,Haut lac,
"('oyonne', '2016-04-10')",oyonne,2016-04-10,lac-leman,rhone,La Tour-de-Peilz,Vaud,l,0.0,0.0208768267223382,0.9886947584789312,0.0,0.0013908205841446,0.1201252673663827,0.3192421243876326,G70,0.25,8,MCBP,Haut lac,
"('oyonne', '2017-01-31')",oyonne,2017-01-31,lac-leman,rhone,La Tour-de-Peilz,Vaud,l,0.0,0.0208768267223382,0.9886947584789312,0.0,0.0013908205841446,0.1201252673663827,0.3192421243876326,G70,0.0,0,MCBP,Haut lac,
"('oyonne', '2021-01-06')",oyonne,2021-01-06,lac-leman,rhone,La Tour-de-Peilz,Vaud,l,0.0,0.0208768267223382,0.9886947584789312,0.0,0.0013908205841446,0.1201252673663827,0.3192421243876326,G70,0.0,0,IQAASL,Haut lac,
"('pierrier-sud', '2016-05-10')",pierrier-sud,2016-05-10,lac-leman,rhone,Montreux,Vaud,l,0.0,0.0647181628392484,0.933196300102775,0.0,0.0458970792767733,0.1720674020394068,0.2543879570450638,G70,1.56,25,MCBP,Haut lac,
"('preverenges', '2018-05-04')",preverenges,2018-05-04,lac-leman,rhone,Préverenges,Vaud,l,0.3137254901960785,0.0417536534446764,0.750256937307297,0.0752532561505065,0.148817802503477,0.0756526309108353,0.3908769425429063,G70,0.02,1,Solid-Waste-Team,Grand lac,
"('preverenges', '2018-07-11')",preverenges,2018-07-11,lac-leman,rhone,Préverenges,Vaud,l,0.3137254901960785,0.0417536534446764,0.750256937307297,0.0752532561505065,0.148817802503477,0.0756526309108353,0.3908769425429063,G70,0.03,1,Solid-Waste-Team,Grand lac,
"('preverenges', '2020-06-07')",preverenges,2020-06-07,lac-leman,rhone,Préverenges,Vaud,l,0.3137254901960785,0.0417536534446764,0.750256937307297,0.0752532561505065,0.148817802503477,0.0756526309108353,0.3908769425429063,G70,0.03,1,IQAASL,Grand lac,
"('preverenges', '2020-07-09')",preverenges,2020-07-09,lac-leman,rhone,Préverenges,Vaud,l,0.3137254901960785,0.0417536534446764,0.750256937307297,0.0752532561505065,0.148817802503477,0.0756526309108353,0.3908769425429063,G70,0.04,1,IQAASL,Grand lac,
"('preverenges', '2020-08-13')",preverenges,2020-08-13,lac-leman,rhone,Préverenges,Vaud,l,0.3137254901960785,0.0417536534446764,0.750256937307297,0.0752532561505065,0.148817802503477,0.0756526309108353,0.3908769425429063,G70,0.0,0,IQAASL,Grand lac,
"('preverenges', '2020-09-08')",preverenges,2020-09-08,lac-leman,rhone,Préverenges,Vaud,l,0.3137254901960785,0.0417536534446764,0.750256937307297,0.0752532561505065,0.148817802503477,0.0756526309108353,0.3908769425429063,G70,0.0,0,IQAASL,Grand lac,
"('preverenges', '2020-10-08')",preverenges,2020-10-08,lac-leman,rhone,Préverenges,Vaud,l,0.3137254901960785,0.0417536534446764,0.750256937307297,0.0752532561505065,0.148817802503477,0.0756526309108353,0.3908769425429063,G70,0.05,2,IQAASL,Grand lac,
"('preverenges', '2020-11-12')",preverenges,2020-11-12,lac-leman,rhone,Préverenges,Vaud,l,0.3137254901960785,0.0417536534446764,0.750256937307297,0.0752532561505065,0.148817802503477,0.0756526309108353,0.3908769425429063,G70,0.02,1,IQAASL,Grand lac,
"('preverenges', '2020-12-10')",preverenges,2020-12-10,lac-leman,rhone,Préverenges,Vaud,l,0.3137254901960785,0.0417536534446764,0.750256937307297,0.0752532561505065,0.148817802503477,0.0756526309108353,0.3908769425429063,G70,0.0,0,IQAASL,Grand lac,
"('preverenges', '2021-01-07')",preverenges,2021-01-07,lac-leman,rhone,Préverenges,Vaud,l,0.3137254901960785,0.0417536534446764,0.750256937307297,0.0752532561505065,0.148817802503477,0.0756526309108353,0.3908769425429063,G70,0.0,0,IQAASL,Grand lac,
"('preverenges', '2021-02-07')",preverenges,2021-02-07,lac-leman,rhone,Préverenges,Vaud,l,0.3137254901960785,0.0417536534446764,0.750256937307297,0.0752532561505065,0.148817802503477,0.0756526309108353,0.3908769425429063,G70,0.02,1,IQAASL,Grand lac,
"('preverenges', '2021-03-08')",preverenges,2021-03-08,lac-leman,rhone,Préverenges,Vaud,l,0.3137254901960785,0.0417536534446764,0.750256937307297,0.0752532561505065,0.148817802503477,0.0756526309108353,0.3908769425429063,G70,0.0,0,IQAASL,Grand lac,
"('preverenges', '2021-04-08')",preverenges,2021-04-08,lac-leman,rhone,Préverenges,Vaud,l,0.3137254901960785,0.0417536534446764,0.750256937307297,0.0752532561505065,0.148817802503477,0.0756526309108353,0.3908769425429063,G70,0.0,0,IQAASL,Grand lac,
"('preverenges', '2021-05-12')",preverenges,2021-05-12,lac-leman,rhone,Préverenges,Vaud,l,0.3137254901960785,0.0417536534446764,0.750256937307297,0.0752532561505065,0.148817802503477,0.0756526309108353,0.3908769425429063,G70,0.0,0,IQAASL,Grand lac,
"('preverenges-le-sout', '2021-02-04')",preverenges-le-sout,2021-02-04,lac-leman,rhone,Préverenges,Vaud,l,0.3774509803921569,0.0521920668058455,0.7646454265159301,0.1201157742402315,0.062586926286509,0.0424056542136997,0.3254387957045064,G70,0.0,0,IQAASL,Grand lac,
"('quai-maria-belgia', '2016-11-21')",quai-maria-belgia,2016-11-21,lac-leman,rhone,Vevey,Vaud,l,0.0,0.0334029227557411,0.9815005138746148,0.0,0.0027816411682892,0.1397526922896468,0.3628459267430166,G70,0.19,7,MCBP,Haut lac,
"('quai-maria-belgia', '2016-12-20')",quai-maria-belgia,2016-12-20,lac-leman,rhone,Vevey,Vaud,l,0.0,0.0334029227557411,0.9815005138746148,0.0,0.0027816411682892,0.1397526922896468,0.3628459267430166,G70,0.16,6,MCBP,Haut lac,
"('quai-maria-belgia', '2017-01-20')",quai-maria-belgia,2017-01-20,lac-leman,rhone,Vevey,Vaud,l,0.0,0.0334029227557411,0.9815005138746148,0.0,0.0027816411682892,0.1397526922896468,0.3628459267430166,G70,0.0,0,MCBP,Haut lac,
"('quai-maria-belgia', '2017-04-03')",quai-maria-belgia,2017-04-03,lac-leman,rhone,Vevey,Vaud,l,0.0,0.0334029227557411,0.9815005138746148,0.0,0.0027816411682892,0.1397526922896468,0.3628459267430166,G70,0.0,0,SLR,Haut lac,
"('quai-maria-belgia', '2017-06-08')",quai-maria-belgia,2017-06-08,lac-leman,rhone,Vevey,Vaud,l,0.0,0.0334029227557411,0.9815005138746148,0.0,0.0027816411682892,0.1397526922896468,0.3628459267430166,G70,0.27,10,SLR,Haut lac,
"('quai-maria-belgia', '2017-07-26')",quai-maria-belgia,2017-07-26,lac-leman,rhone,Vevey,Vaud,l,0.0,0.0334029227557411,0.9815005138746148,0.0,0.0027816411682892,0.1397526922896468,0.3628459267430166,G70,0.22,8,SLR,Haut lac,
"('quai-maria-belgia', '2017-09-30')",quai-maria-belgia,2017-09-30,lac-leman,rhone,Vevey,Vaud,l,0.0,0.0334029227557411,0.9815005138746148,0.0,0.0027816411682892,0.1397526922896468,0.3628459267430166,G70,0.32,12,SLR,Haut lac,
"('quai-maria-belgia', '2017-11-11')",quai-maria-belgia,2017-11-11,lac-leman,rhone,Vevey,Vaud,l,0.0,0.0334029227557411,0.9815005138746148,0.0,0.0027816411682892,0.1397526922896468,0.3628459267430166,G70,0.03,1,SLR,Haut lac,
"('quai-maria-belgia', '2018-02-11')",quai-maria-belgia,2018-02-11,lac-leman,rhone,Vevey,Vaud,l,0.0,0.0334029227557411,0.9815005138746148,0.0,0.0027816411682892,0.1397526922896468,0.3628459267430166,G70,0.0,0,SLR,Haut lac,
"('quai-maria-belgia', '2018-03-25')",quai-maria-belgia,2018-03-25,lac-leman,rhone,Vevey,Vaud,l,0.0,0.0334029227557411,0.9815005138746148,0.0,0.0027816411682892,0.1397526922896468,0.3628459267430166,G70,0.0,0,SLR,Haut lac,
"('quai-maria-belgia', '2020-04-28')",quai-maria-belgia,2020-04-28,lac-leman,rhone,Vevey,Vaud,l,0.0,0.0334029227557411,0.9815005138746148,0.0,0.0027816411682892,0.1397526922896468,0.3628459267430166,G70,0.05,2,IQAASL,Haut lac,
"('quai-maria-belgia', '2020-05-31')",quai-maria-belgia,2020-05-31,lac-leman,rhone,Vevey,Vaud,l,0.0,0.0334029227557411,0.9815005138746148,0.0,0.0027816411682892,0.1397526922896468,0.3628459267430166,G70,0.0,0,IQAASL,Haut lac,
"('quai-maria-belgia', '2020-06-28')",quai-maria-belgia,2020-06-28,lac-leman,rhone,Vevey,Vaud,l,0.0,0.0334029227557411,0.9815005138746148,0.0,0.0027816411682892,0.1397526922896468,0.3628459267430166,G70,0.15,6,IQAASL,Haut lac,
"('quai-maria-belgia', '2020-07-21')",quai-maria-belgia,2020-07-21,lac-leman,rhone,Vevey,Vaud,l,0.0,0.0334029227557411,0.9815005138746148,0.0,0.0027816411682892,0.1397526922896468,0.3628459267430166,G70,0.03,1,IQAASL,Haut lac,
"('quai-maria-belgia', '2020-08-30')",quai-maria-belgia,2020-08-30,lac-leman,rhone,Vevey,Vaud,l,0.0,0.0334029227557411,0.9815005138746148,0.0,0.0027816411682892,0.1397526922896468,0.3628459267430166,G70,0.12,5,IQAASL,Haut lac,
"('quai-maria-belgia', '2020-09-27')",quai-maria-belgia,2020-09-27,lac-leman,rhone,Vevey,Vaud,l,0.0,0.0334029227557411,0.9815005138746148,0.0,0.0027816411682892,0.1397526922896468,0.3628459267430166,G70,0.12,5,IQAASL,Haut lac,
"('quai-maria-belgia', '2020-10-25')",quai-maria-belgia,2020-10-25,lac-leman,rhone,Vevey,Vaud,l,0.0,0.0334029227557411,0.9815005138746148,0.0,0.0027816411682892,0.1397526922896468,0.3628459267430166,G70,0.02,1,IQAASL,Haut lac,
"('quai-maria-belgia', '2020-11-30')",quai-maria-belgia,2020-11-30,lac-leman,rhone,Vevey,Vaud,l,0.0,0.0334029227557411,0.9815005138746148,0.0,0.0027816411682892,0.1397526922896468,0.3628459267430166,G70,0.0,0,IQAASL,Haut lac,
"('quai-maria-belgia', '2020-12-23')",quai-maria-belgia,2020-12-23,lac-leman,rhone,Vevey,Vaud,l,0.0,0.0334029227557411,0.9815005138746148,0.0,0.0027816411682892,0.1397526922896468,0.3628459267430166,G70,0.0,0,IQAASL,Haut lac,
"('quai-maria-belgia', '2021-01-31')",quai-maria-belgia,2021-01-31,lac-leman,rhone,Vevey,Vaud,l,0.0,0.0334029227557411,0.9815005138746148,0.0,0.0027816411682892,0.1397526922896468,0.3628459267430166,G70,0.19,8,IQAASL,Haut lac,
"('quai-maria-belgia', '2021-02-28')",quai-maria-belgia,2021-02-28,lac-leman,rhone,Vevey,Vaud,l,0.0,0.0334029227557411,0.9815005138746148,0.0,0.0027816411682892,0.1397526922896468,0.3628459267430166,G70,0.02,1,IQAASL,Haut lac,
"('quai-maria-belgia', '2021-03-29')",quai-maria-belgia,2021-03-29,lac-leman,rhone,Vevey,Vaud,l,0.0,0.0334029227557411,0.9815005138746148,0.0,0.0027816411682892,0.1397526922896468,0.3628459267430166,G70,0.0,0,IQAASL,Haut lac,
"('rocky-plage', '2020-11-01')",rocky-plage,2020-11-01,lac-leman,rhone,Genève,Genève,l,0.0,0.0,0.921891058581706,0.0,0.105702364394993,0.4299058893022106,0.6329040002595464,G70,0.0,0,IQAASL,Petit lac,
"('rolle-plage', '2019-10-24')",rolle-plage,2019-10-24,lac-leman,rhone,Rolle,Vaud,l,0.0,0.6534446764091859,0.6125385405960946,0.0,0.0890125173852573,0.0520969603125516,0.3985984492100055,G70,0.0,0,Solid-Waste-Team,Grand lac,
"('tolochenaz', '2020-05-19')",tolochenaz,2020-05-19,lac-leman,rhone,Tolochenaz,Vaud,l,0.5637254901960785,0.0521920668058455,0.5344295991778006,0.044862518089725,0.3908205841446453,0.0471860848242416,0.3489926353696915,G70,0.0,0,IQAASL,Grand lac,
"('versoix', '2016-11-17')",versoix,2016-11-17,lac-leman,rhone,Versoix,Genève,l,0.0490196078431372,0.0,0.816032887975334,0.0463096960926193,0.1905424200278164,0.1510362366850275,0.2127956396197644,G70,0.13,22,MCBP,Petit lac,
"('versoix', '2020-05-14')",versoix,2020-05-14,lac-leman,rhone,Versoix,Genève,l,0.0490196078431372,0.0,0.816032887975334,0.0463096960926193,0.1905424200278164,0.1510362366850275,0.2127956396197644,G70,0.02,1,IQAASL,Petit lac,
"('versoix', '2020-08-04')",versoix,2020-08-04,lac-leman,rhone,Versoix,Genève,l,0.0490196078431372,0.0,0.816032887975334,0.0463096960926193,0.1905424200278164,0.1510362366850275,0.2127956396197644,G70,0.01,1,IQAASL,Petit lac,
"('versoix', '2020-10-13')",versoix,2020-10-13,lac-leman,rhone,Versoix,Genève,l,0.0490196078431372,0.0,0.816032887975334,0.0463096960926193,0.1905424200278164,0.1510362366850275,0.2127956396197644,G70,0.04,2,IQAASL,Petit lac,
"('veveyse', '2015-11-27')",veveyse,2015-11-27,lac-leman,rhone,Vevey,Vaud,l,0.0,0.0563674321503131,0.960945529290853,0.0,0.015299026425591,0.1254568062780179,0.3903578496577231,G70,0.02,1,MCBP,Haut lac,
"('veveyse', '2015-12-01')",veveyse,2015-12-01,lac-leman,rhone,Vevey,Vaud,l,0.0,0.0563674321503131,0.960945529290853,0.0,0.015299026425591,0.1254568062780179,0.3903578496577231,G70,0.0,0,MCBP,Haut lac,
"('veveyse', '2015-12-07')",veveyse,2015-12-07,lac-leman,rhone,Vevey,Vaud,l,0.0,0.0563674321503131,0.960945529290853,0.0,0.015299026425591,0.1254568062780179,0.3903578496577231,G70,0.02,1,MCBP,Haut lac,
"('veveyse', '2015-12-14')",veveyse,2015-12-14,lac-leman,rhone,Vevey,Vaud,l,0.0,0.0563674321503131,0.960945529290853,0.0,0.015299026425591,0.1254568062780179,0.3903578496577231,G70,0.0,0,MCBP,Haut lac,
"('veveyse', '2016-01-08')",veveyse,2016-01-08,lac-leman,rhone,Vevey,Vaud,l,0.0,0.0563674321503131,0.960945529290853,0.0,0.015299026425591,0.1254568062780179,0.3903578496577231,G70,0.0,0,MCBP,Haut lac,
"('veveyse', '2016-01-15')",veveyse,2016-01-15,lac-leman,rhone,Vevey,Vaud,l,0.0,0.0563674321503131,0.960945529290853,0.0,0.015299026425591,0.1254568062780179,0.3903578496577231,G70,0.0,0,MCBP,Haut lac,
"('veveyse', '2016-01-21')",veveyse,2016-01-21,lac-leman,rhone,Vevey,Vaud,l,0.0,0.0563674321503131,0.960945529290853,0.0,0.015299026425591,0.1254568062780179,0.3903578496577231,G70,0.0,0,MCBP,Haut lac,
"('veveyse', '2016-02-09')",veveyse,2016-02-09,lac-leman,rhone,Vevey,Vaud,l,0.0,0.0563674321503131,0.960945529290853,0.0,0.015299026425591,0.1254568062780179,0.3903578496577231,G70,0.02,1,MCBP,Haut lac,
"('veveyse', '2016-03-11')",veveyse,2016-03-11,lac-leman,rhone,Vevey,Vaud,l,0.0,0.0563674321503131,0.960945529290853,0.0,0.015299026425591,0.1254568062780179,0.3903578496577231,G70,0.02,1,MCBP,Haut lac,
"('veveyse', '2016-04-02')",veveyse,2016-04-02,lac-leman,rhone,Vevey,Vaud,l,0.0,0.0563674321503131,0.960945529290853,0.0,0.015299026425591,0.1254568062780179,0.3903578496577231,G70,0.0,0,MCBP,Haut lac,
"('veveyse', '2016-04-12')",veveyse,2016-04-12,lac-leman,rhone,Vevey,Vaud,l,0.0,0.0563674321503131,0.960945529290853,0.0,0.015299026425591,0.1254568062780179,0.3903578496577231,G70,0.02,1,MCBP,Haut lac,
"('veveyse', '2016-04-19')",veveyse,2016-04-19,lac-leman,rhone,Vevey,Vaud,l,0.0,0.0563674321503131,0.960945529290853,0.0,0.015299026425591,0.1254568062780179,0.3903578496577231,G70,0.02,1,MCBP,Haut lac,
"('veveyse', '2016-06-17')",veveyse,2016-06-17,lac-leman,rhone,Vevey,Vaud,l,0.0,0.0563674321503131,0.960945529290853,0.0,0.015299026425591,0.1254568062780179,0.3903578496577231,G70,0.08,4,MCBP,Haut lac,
"('veveyse', '2016-11-14')",veveyse,2016-11-14,lac-leman,rhone,Vevey,Vaud,l,0.0,0.0563674321503131,0.960945529290853,0.0,0.015299026425591,0.1254568062780179,0.3903578496577231,G70,0.05,3,MCBP,Haut lac,
"('veveyse', '2016-11-28')",veveyse,2016-11-28,lac-leman,rhone,Vevey,Vaud,l,0.0,0.0563674321503131,0.960945529290853,0.0,0.015299026425591,0.1254568062780179,0.3903578496577231,G70,0.36,17,MCBP,Haut lac,
"('veveyse', '2016-12-05')",veveyse,2016-12-05,lac-leman,rhone,Vevey,Vaud,l,0.0,0.0563674321503131,0.960945529290853,0.0,0.015299026425591,0.1254568062780179,0.3903578496577231,G70,0.11,5,MCBP,Haut lac,
"('veveyse', '2017-01-05')",veveyse,2017-01-05,lac-leman,rhone,Vevey,Vaud,l,0.0,0.0563674321503131,0.960945529290853,0.0,0.015299026425591,0.1254568062780179,0.3903578496577231,G70,0.12,5,MCBP,Haut lac,
"('vidy', '2016-06-07')",vidy,2016-06-07,lac-leman,rhone,Lausanne,Vaud,l,0.0,0.0,0.9712230215827338,0.0390738060781476,0.0013908205841446,0.6286002280642101,0.5161405443986633,G70,0.12,1,MCBP,Grand lac,
"('vidy-ruines', '2020-06-02')",vidy-ruines,2020-06-02,lac-leman,rhone,Lausanne,Vaud,l,0.0,0.0,0.9547790339157244,0.0376266280752532,0.0250347705146036,0.694227306908627,0.551471303896441,G70,0.0,0,IQAASL,Grand lac,
"('vidy-ruines', '2020-06-30')",vidy-ruines,2020-06-30,lac-leman,rhone,Lausanne,Vaud,l,0.0,0.0,0.9547790339157244,0.0376266280752532,0.0250347705146036,0.694227306908627,0.551471303896441,G70,0.0,0,IQAASL,Grand lac,
"('vidy-ruines', '2020-08-01')",vidy-ruines,2020-08-01,lac-leman,rhone,Lausanne,Vaud,l,0.0,0.0,0.9547790339157244,0.0376266280752532,0.0250347705146036,0.694227306908627,0.551471303896441,G70,0.0,0,IQAASL,Grand lac,
"('vidy-ruines', '2020-09-02')",vidy-ruines,2020-09-02,lac-leman,rhone,Lausanne,Vaud,l,0.0,0.0,0.9547790339157244,0.0376266280752532,0.0250347705146036,0.694227306908627,0.551471303896441,G70,0.0,0,IQAASL,Grand lac,
"('vidy-ruines', '2020-12-01')",vidy-ruines,2020-12-01,lac-leman,rhone,Lausanne,Vaud,l,0.0,0.0,0.9547790339157244,0.0376266280752532,0.0250347705146036,0.694227306908627,0.551471303896441,G70,0.0,0,IQAASL,Grand lac,
"('vidy-ruines', '2021-03-04')",vidy-ruines,2021-03-04,lac-leman,rhone,Lausanne,Vaud,l,0.0,0.0,0.9547790339157244,0.0376266280752532,0.0250347705146036,0.694227306908627,0.551471303896441,G70,0.0,0,IQAASL,Grand lac,
"('vidy-ruines', '2021-04-15')",vidy-ruines,2021-04-15,lac-leman,rhone,Lausanne,Vaud,l,0.0,0.0,0.9547790339157244,0.0376266280752532,0.0250347705146036,0.694227306908627,0.551471303896441,G70,0.0,0,IQAASL,Grand lac,
"('villa-barton', '2016-04-02')",villa-barton,2016-04-02,lac-leman,rhone,Genève,Genève,l,0.0,0.0,0.997944501541624,0.0,0.0027816411682892,0.6340355634149359,0.3719949388443695,G70,0.14,2,MCBP,Petit lac,
"('villa-barton', '2016-04-10')",villa-barton,2016-04-10,lac-leman,rhone,Genève,Genève,l,0.0,0.0,0.997944501541624,0.0,0.0027816411682892,0.6340355634149359,0.3719949388443695,G70,0.0,0,MCBP,Petit lac,
"('villa-barton', '2016-04-16')",villa-barton,2016-04-16,lac-leman,rhone,Genève,Genève,l,0.0,0.0,0.997944501541624,0.0,0.0027816411682892,0.6340355634149359,0.3719949388443695,G70,0.0,0,MCBP,Petit lac,
"('villa-barton', '2016-04-22')",villa-barton,2016-04-22,lac-leman,rhone,Genève,Genève,l,0.0,0.0,0.997944501541624,0.0,0.0027816411682892,0.6340355634149359,0.3719949388443695,G70,0.0,0,MCBP,Petit lac,
"('villa-barton', '2016-05-02')",villa-barton,2016-05-02,lac-leman,rhone,Genève,Genève,l,0.0,0.0,0.997944501541624,0.0,0.0027816411682892,0.6340355634149359,0.3719949388443695,G70,0.0,0,MCBP,Petit lac,
"('villa-barton', '2016-05-08')",villa-barton,2016-05-08,lac-leman,rhone,Genève,Genève,l,0.0,0.0,0.997944501541624,0.0,0.0027816411682892,0.6340355634149359,0.3719949388443695,G70,0.0,0,MCBP,Petit lac,
"('villa-barton', '2016-06-05')",villa-barton,2016-06-05,lac-leman,rhone,Genève,Genève,l,0.0,0.0,0.997944501541624,0.0,0.0027816411682892,0.6340355634149359,0.3719949388443695,G70,0.0,0,MCBP,Petit lac,
"('villa-barton', '2016-07-21')",villa-barton,2016-07-21,lac-leman,rhone,Genève,Genève,l,0.0,0.0,0.997944501541624,0.0,0.0027816411682892,0.6340355634149359,0.3719949388443695,G70,0.0,0,MCBP,Petit lac,
"('villa-barton', '2016-07-22')",villa-barton,2016-07-22,lac-leman,rhone,Genève,Genève,l,0.0,0.0,0.997944501541624,0.0,0.0027816411682892,0.6340355634149359,0.3719949388443695,G70,0.0,0,MCBP,Petit lac,
"('villa-barton', '2020-10-20')",villa-barton,2020-10-20,lac-leman,rhone,Genève,Genève,l,0.0,0.0,0.997944501541624,0.0,0.0027816411682892,0.6340355634149359,0.3719949388443695,G70,0.06,1,IQAASL,Petit lac,
"('villa-barton', '2021-01-22')",villa-barton,2021-01-22,lac-leman,rhone,Genève,Genève,l,0.0,0.0,0.997944501541624,0.0,0.0027816411682892,0.6340355634149359,0.3719949388443695,G70,0.3,15,IQAASL,Petit lac,
"('villa-barton', '2021-11-14')",villa-barton,2021-11-14,lac-leman,rhone,Genève,Genève,l,0.0,0.0,0.997944501541624,0.0,0.0027816411682892,0.6340355634149359,0.3719949388443695,G70,0.08,5,,Petit lac,
"('maladaire', '2021-06-02')",maladaire,2021-06-02,lac-leman,rhone,La Tour-de-Peilz,Vaud,l,0.0,0.3215031315240084,0.8314491264131552,0.0,0.0125173852573018,0.1207509031550493,0.2181812283035395,G70,0.18,11,IQAASL,Haut lac,153.0
