OBJECTID,UUID,DATUM_AEND,OBJEKTART,KANTONSNUM,KANTONSFLA,NAME,ICC,EINWOHNERZ,slug,water_name,water
"75",{96F9AB8E-4D35-4A62-938D-5E991D9D7B60},2020/03/11,Kanton,CH21000000,2812.320000000000164,Ticino,CH,"350986",ascona-traghetto-spiaggia,Lago Maggiore,l
"75",{96F9AB8E-4D35-4A62-938D-5E991D9D7B60},2020/03/11,Kanton,CH21000000,2812.320000000000164,Ticino,CH,"350986",canale-saleggi,Ticino,r
"75",{96F9AB8E-4D35-4A62-938D-5E991D9D7B60},2020/03/11,Kanton,CH21000000,2812.320000000000164,Ticino,CH,"350986",caprino,Lago di Lugano,l
"75",{96F9AB8E-4D35-4A62-938D-5E991D9D7B60},2020/03/11,Kanton,CH21000000,2812.320000000000164,Ticino,CH,"350986",foce-del-cassarate,Cassarate,r
"75",{96F9AB8E-4D35-4A62-938D-5E991D9D7B60},2020/03/11,Kanton,CH21000000,2812.320000000000164,Ticino,CH,"350986",gerra-gambarogno,Lago Maggiore,l
"75",{96F9AB8E-4D35-4A62-938D-5E991D9D7B60},2020/03/11,Kanton,CH21000000,2812.320000000000164,Ticino,CH,"350986",golene-gudo,Ticino,r
"75",{96F9AB8E-4D35-4A62-938D-5E991D9D7B60},2020/03/11,Kanton,CH21000000,2812.320000000000164,Ticino,CH,"350986",isole-di-brissago-porto,Lago Maggiore,l
"75",{96F9AB8E-4D35-4A62-938D-5E991D9D7B60},2020/03/11,Kanton,CH21000000,2812.320000000000164,Ticino,CH,"350986",lido,Lago di Lugano,l
"75",{96F9AB8E-4D35-4A62-938D-5E991D9D7B60},2020/03/11,Kanton,CH21000000,2812.320000000000164,Ticino,CH,"350986",lugano-centro,Lago di Lugano,l
"75",{96F9AB8E-4D35-4A62-938D-5E991D9D7B60},2020/03/11,Kanton,CH21000000,2812.320000000000164,Ticino,CH,"350986",magadino-lido,Lago Maggiore,l
"75",{96F9AB8E-4D35-4A62-938D-5E991D9D7B60},2020/03/11,Kanton,CH21000000,2812.320000000000164,Ticino,CH,"350986",pacha-mama-gerra,Lago Maggiore,l
"75",{96F9AB8E-4D35-4A62-938D-5E991D9D7B60},2020/03/11,Kanton,CH21000000,2812.320000000000164,Ticino,CH,"350986",rivapiana,Lago Maggiore,l
"75",{96F9AB8E-4D35-4A62-938D-5E991D9D7B60},2020/03/11,Kanton,CH21000000,2812.320000000000164,Ticino,CH,"350986",route-13,Maggia,r
"75",{96F9AB8E-4D35-4A62-938D-5E991D9D7B60},2020/03/11,Kanton,CH21000000,2812.320000000000164,Ticino,CH,"350986",san-nazzaro-gambarogno,Lago Maggiore,l
"75",{96F9AB8E-4D35-4A62-938D-5E991D9D7B60},2020/03/11,Kanton,CH21000000,2812.320000000000164,Ticino,CH,"350986",sentiero-giro-del-golf-spiaggia,Lago Maggiore,l
"75",{96F9AB8E-4D35-4A62-938D-5E991D9D7B60},2020/03/11,Kanton,CH21000000,2812.320000000000164,Ticino,CH,"350986",spiaggia-parco-ciani,Lago di Lugano,l
"75",{96F9AB8E-4D35-4A62-938D-5E991D9D7B60},2020/03/11,Kanton,CH21000000,2812.320000000000164,Ticino,CH,"350986",via-brunari-spiaggia,Ticino,r
"75",{96F9AB8E-4D35-4A62-938D-5E991D9D7B60},2020/03/11,Kanton,CH21000000,2812.320000000000164,Ticino,CH,"350986",via-mirasole-spiaggia,Ticino,r
"75",{96F9AB8E-4D35-4A62-938D-5E991D9D7B60},2020/03/11,Kanton,CH21000000,2812.320000000000164,Ticino,CH,"350986",vira-gambarogno,Lago Maggiore,l
"75",{96F9AB8E-4D35-4A62-938D-5E991D9D7B60},2020/03/11,Kanton,CH21000000,2812.320000000000164,Ticino,CH,"350986",vira-spiaggia-left-of-river,Lago Maggiore,l
"76",{FDEF0614-0E08-42D7-A53C-12AB11815C53},2009/03/25,Kanton,CH09000000,239.409999999999997,Zug,CH,"128794",lorze_baar_blarere,Lorze,r
"76",{FDEF0614-0E08-42D7-A53C-12AB11815C53},2009/03/25,Kanton,CH09000000,239.409999999999997,Zug,CH,"128794",reuss_hunenberg_eberhardy,Reuss,r
"76",{FDEF0614-0E08-42D7-A53C-12AB11815C53},2009/03/25,Kanton,CH09000000,239.409999999999997,Zug,CH,"128794",sihl_menzingen_kucharska_magdalena,Sihl,r
"76",{FDEF0614-0E08-42D7-A53C-12AB11815C53},2009/03/25,Kanton,CH09000000,239.409999999999997,Zug,CH,"128794",zugerseecholler_cham_blarerm,Zugersee,l
"77",{ECC279CB-D618-4F28-982C-3F8AD5D56B39},2009/03/25,Kanton,CH07000000,275.850000000000023,Nidwalden,CH,"43520",,,
"78",{B3B91910-E9E3-4214-9566-6819119044AF},2009/03/25,Kanton,CH05000000,907.559999999999945,Schwyz,CH,"162157",pfafikon-bad,Zürichsee,l
"78",{B3B91910-E9E3-4214-9566-6819119044AF},2009/03/25,Kanton,CH05000000,907.559999999999945,Schwyz,CH,"162157",sihlsee_einsiedeln_schilligerllacherl,Sihlsee,l
"79",{4987DCBB-97FA-4E21-8C75-5830B3444906},2009/03/25,Kanton,CH17000000,2027.609999999999900,St. Gallen,CH,"514504",aabach,Zürichsee,l
"79",{4987DCBB-97FA-4E21-8C75-5830B3444906},2009/03/25,Kanton,CH17000000,2027.609999999999900,St. Gallen,CH,"514504",bodensee_altenrhein_caluoria,Bodensee,l
"79",{4987DCBB-97FA-4E21-8C75-5830B3444906},2009/03/25,Kanton,CH17000000,2027.609999999999900,St. Gallen,CH,"514504",bodensee_steinach_dolder_a,Bodensee,l
"79",{4987DCBB-97FA-4E21-8C75-5830B3444906},2009/03/25,Kanton,CH17000000,2027.609999999999900,St. Gallen,CH,"514504",bodensee_thal_schlachterj_1,Bodensee,l
"79",{4987DCBB-97FA-4E21-8C75-5830B3444906},2009/03/25,Kanton,CH17000000,2027.609999999999900,St. Gallen,CH,"514504",flibach-river-right-bank,Walensee,l
"79",{4987DCBB-97FA-4E21-8C75-5830B3444906},2009/03/25,Kanton,CH17000000,2027.609999999999900,St. Gallen,CH,"514504",goldach_goldach_schlachterj,Goldach,r
"79",{4987DCBB-97FA-4E21-8C75-5830B3444906},2009/03/25,Kanton,CH17000000,2027.609999999999900,St. Gallen,CH,"514504",jona-river-rastplatz,Jona,r
"79",{4987DCBB-97FA-4E21-8C75-5830B3444906},2009/03/25,Kanton,CH17000000,2027.609999999999900,St. Gallen,CH,"514504",linthdammweg,Linthkanal,r
"79",{4987DCBB-97FA-4E21-8C75-5830B3444906},2009/03/25,Kanton,CH17000000,2027.609999999999900,St. Gallen,CH,"514504",mols-rocks,Walensee,l
"79",{4987DCBB-97FA-4E21-8C75-5830B3444906},2009/03/25,Kanton,CH17000000,2027.609999999999900,St. Gallen,CH,"514504",murg-bad,Walensee,l
"79",{4987DCBB-97FA-4E21-8C75-5830B3444906},2009/03/25,Kanton,CH17000000,2027.609999999999900,St. Gallen,CH,"514504",rastplatz-stampf,Zürichsee,l
"79",{4987DCBB-97FA-4E21-8C75-5830B3444906},2009/03/25,Kanton,CH17000000,2027.609999999999900,St. Gallen,CH,"514504",schmerikon-bahnhof-strand,Zürichsee,l
"79",{4987DCBB-97FA-4E21-8C75-5830B3444906},2009/03/25,Kanton,CH17000000,2027.609999999999900,St. Gallen,CH,"514504",seemuhlestrasse-strand,Walensee,l
"79",{4987DCBB-97FA-4E21-8C75-5830B3444906},2009/03/25,Kanton,CH17000000,2027.609999999999900,St. Gallen,CH,"514504",seez,Seez,r
"79",{4987DCBB-97FA-4E21-8C75-5830B3444906},2009/03/25,Kanton,CH17000000,2027.609999999999900,St. Gallen,CH,"514504",seez_spennwiesenbrucke,Seez,r
"79",{4987DCBB-97FA-4E21-8C75-5830B3444906},2009/03/25,Kanton,CH17000000,2027.609999999999900,St. Gallen,CH,"514504",sitter_gaiserwald_buehlerf,Sitter,r
"79",{4987DCBB-97FA-4E21-8C75-5830B3444906},2009/03/25,Kanton,CH17000000,2027.609999999999900,St. Gallen,CH,"514504",sitter_stgallen_jennya,Sitter,r
"79",{4987DCBB-97FA-4E21-8C75-5830B3444906},2009/03/25,Kanton,CH17000000,2027.609999999999900,St. Gallen,CH,"514504",sitter_stgallen_steinbrunnerf,Sitter,r
"79",{4987DCBB-97FA-4E21-8C75-5830B3444906},2009/03/25,Kanton,CH17000000,2027.609999999999900,St. Gallen,CH,"514504",strandbeiz,Zürichsee,l
"79",{4987DCBB-97FA-4E21-8C75-5830B3444906},2009/03/25,Kanton,CH17000000,2027.609999999999900,St. Gallen,CH,"514504",thur_schwarzenbach_meiliw,Thur,r
"79",{4987DCBB-97FA-4E21-8C75-5830B3444906},2009/03/25,Kanton,CH17000000,2027.609999999999900,St. Gallen,CH,"514504",untertenzen,Walensee,l
"79",{4987DCBB-97FA-4E21-8C75-5830B3444906},2009/03/25,Kanton,CH17000000,2027.609999999999900,St. Gallen,CH,"514504",walensee_walenstadt_wysse,Walensee,l
"80",{BCC70EB5-5ED6-4C83-8225-11170940B71E},2009/03/25,Kanton,CH17000000,2027.609999999999900,St. Gallen,CH,"514504",,,
"81",{5FE6826A-8D46-4EA8-83E6-41ABDB66B9BE},2009/03/25,Kanton,CH04000000,1076.089999999999918,Uri,CH,"36819",,,
"82",{B55216F8-9C4F-49EF-A7F1-9D82EEF2C595},2011/04/12,Kanton,CH08000000,685.960000000000036,Glarus,CH,"40851",gasi-strand,Walensee,l
"82",{B55216F8-9C4F-49EF-A7F1-9D82EEF2C595},2011/04/12,Kanton,CH08000000,685.960000000000036,Glarus,CH,"40851",linth_mollis,Linthkanal,r
"82",{B55216F8-9C4F-49EF-A7F1-9D82EEF2C595},2011/04/12,Kanton,CH08000000,685.960000000000036,Glarus,CH,"40851",linth_route9brucke,Escherkanal,r
"82",{B55216F8-9C4F-49EF-A7F1-9D82EEF2C595},2011/04/12,Kanton,CH08000000,685.960000000000036,Glarus,CH,"40851",muhlehorn-dorf,Walensee,l
"82",{B55216F8-9C4F-49EF-A7F1-9D82EEF2C595},2011/04/12,Kanton,CH08000000,685.960000000000036,Glarus,CH,"40851",seeflechsen,Walensee,l
"85",{3E38FFED-7B29-4D9A-A49D-72C59FD49706},2009/03/25,Kanton,CH22000000,3211.900000000000091,Vaud,CH,"814762",anarchy-beach,Lac Léman,l
"85",{3E38FFED-7B29-4D9A-A49D-72C59FD49706},2009/03/25,Kanton,CH22000000,3211.900000000000091,Vaud,CH,"814762",arabie,Lac Léman,l
"85",{3E38FFED-7B29-4D9A-A49D-72C59FD49706},2009/03/25,Kanton,CH22000000,3211.900000000000091,Vaud,CH,"814762",bain-des-dames,Lac Léman,l
"85",{3E38FFED-7B29-4D9A-A49D-72C59FD49706},2009/03/25,Kanton,CH22000000,3211.900000000000091,Vaud,CH,"814762",baye-de-clarens,Lac Léman,l
"85",{3E38FFED-7B29-4D9A-A49D-72C59FD49706},2009/03/25,Kanton,CH22000000,3211.900000000000091,Vaud,CH,"814762",baye-de-montreux-d,Lac Léman,l
"85",{3E38FFED-7B29-4D9A-A49D-72C59FD49706},2009/03/25,Kanton,CH22000000,3211.900000000000091,Vaud,CH,"814762",baye-de-montreux-g,Lac Léman,l
"85",{3E38FFED-7B29-4D9A-A49D-72C59FD49706},2009/03/25,Kanton,CH22000000,3211.900000000000091,Vaud,CH,"814762",boiron,Lac Léman,l
"85",{3E38FFED-7B29-4D9A-A49D-72C59FD49706},2009/03/25,Kanton,CH22000000,3211.900000000000091,Vaud,CH,"814762",cully-plage,Lac Léman,l
"85",{3E38FFED-7B29-4D9A-A49D-72C59FD49706},2009/03/25,Kanton,CH22000000,3211.900000000000091,Vaud,CH,"814762",la-morges,Lac Léman,l
"85",{3E38FFED-7B29-4D9A-A49D-72C59FD49706},2009/03/25,Kanton,CH22000000,3211.900000000000091,Vaud,CH,"814762",la-pecherie,Lac Léman,l
"85",{3E38FFED-7B29-4D9A-A49D-72C59FD49706},2009/03/25,Kanton,CH22000000,3211.900000000000091,Vaud,CH,"814762",la-petite-plage,Neuenburgersee,l
"85",{3E38FFED-7B29-4D9A-A49D-72C59FD49706},2009/03/25,Kanton,CH22000000,3211.900000000000091,Vaud,CH,"814762",la-thiele_le-mujon_confluence,La Thièle,r
"85",{3E38FFED-7B29-4D9A-A49D-72C59FD49706},2009/03/25,Kanton,CH22000000,3211.900000000000091,Vaud,CH,"814762",lacleman_gland_kubela,Lac Léman,l
"85",{3E38FFED-7B29-4D9A-A49D-72C59FD49706},2009/03/25,Kanton,CH22000000,3211.900000000000091,Vaud,CH,"814762",lacleman_gland_lecoanets,Lac Léman,l
"85",{3E38FFED-7B29-4D9A-A49D-72C59FD49706},2009/03/25,Kanton,CH22000000,3211.900000000000091,Vaud,CH,"814762",lacleman_vidy_santie,Lac Léman,l
"85",{3E38FFED-7B29-4D9A-A49D-72C59FD49706},2009/03/25,Kanton,CH22000000,3211.900000000000091,Vaud,CH,"814762",lavey-la-source,Rhône,r
"85",{3E38FFED-7B29-4D9A-A49D-72C59FD49706},2009/03/25,Kanton,CH22000000,3211.900000000000091,Vaud,CH,"814762",le-pierrier,Lac Léman,l
"85",{3E38FFED-7B29-4D9A-A49D-72C59FD49706},2009/03/25,Kanton,CH22000000,3211.900000000000091,Vaud,CH,"814762",le-port,Lac Léman,l
"85",{3E38FFED-7B29-4D9A-A49D-72C59FD49706},2009/03/25,Kanton,CH22000000,3211.900000000000091,Vaud,CH,"814762",maladaire,Lac Léman,l
"85",{3E38FFED-7B29-4D9A-A49D-72C59FD49706},2009/03/25,Kanton,CH22000000,3211.900000000000091,Vaud,CH,"814762",ognonnaz-1,Ognonnaz,r
"85",{3E38FFED-7B29-4D9A-A49D-72C59FD49706},2009/03/25,Kanton,CH22000000,3211.900000000000091,Vaud,CH,"814762",oyonne,Lac Léman,l
"85",{3E38FFED-7B29-4D9A-A49D-72C59FD49706},2009/03/25,Kanton,CH22000000,3211.900000000000091,Vaud,CH,"814762",parc-des-pierrettes,Lac Léman,l
"85",{3E38FFED-7B29-4D9A-A49D-72C59FD49706},2009/03/25,Kanton,CH22000000,3211.900000000000091,Vaud,CH,"814762",pecos-plage,Neuenburgersee,l
"85",{3E38FFED-7B29-4D9A-A49D-72C59FD49706},2009/03/25,Kanton,CH22000000,3211.900000000000091,Vaud,CH,"814762",pierrier-sud,Lac Léman,l
"85",{3E38FFED-7B29-4D9A-A49D-72C59FD49706},2009/03/25,Kanton,CH22000000,3211.900000000000091,Vaud,CH,"814762",plage-de-dorigny,Lac Léman,l
"85",{3E38FFED-7B29-4D9A-A49D-72C59FD49706},2009/03/25,Kanton,CH22000000,3211.900000000000091,Vaud,CH,"814762",plage-de-st-sulpice,Lac Léman,l
"85",{3E38FFED-7B29-4D9A-A49D-72C59FD49706},2009/03/25,Kanton,CH22000000,3211.900000000000091,Vaud,CH,"814762",preverenges,Lac Léman,l
"85",{3E38FFED-7B29-4D9A-A49D-72C59FD49706},2009/03/25,Kanton,CH22000000,3211.900000000000091,Vaud,CH,"814762",preverenges-le-sout,Lac Léman,l
"85",{3E38FFED-7B29-4D9A-A49D-72C59FD49706},2009/03/25,Kanton,CH22000000,3211.900000000000091,Vaud,CH,"814762",quai-maria-belgia,Lac Léman,l
"85",{3E38FFED-7B29-4D9A-A49D-72C59FD49706},2009/03/25,Kanton,CH22000000,3211.900000000000091,Vaud,CH,"814762",rolle-plage,Lac Léman,l
"85",{3E38FFED-7B29-4D9A-A49D-72C59FD49706},2009/03/25,Kanton,CH22000000,3211.900000000000091,Vaud,CH,"814762",saint-sulpice,Lac Léman,l
"85",{3E38FFED-7B29-4D9A-A49D-72C59FD49706},2009/03/25,Kanton,CH22000000,3211.900000000000091,Vaud,CH,"814762",signalpain,Neuenburgersee,l
"85",{3E38FFED-7B29-4D9A-A49D-72C59FD49706},2009/03/25,Kanton,CH22000000,3211.900000000000091,Vaud,CH,"814762",tiger-duck-beach,Lac Léman,l
"85",{3E38FFED-7B29-4D9A-A49D-72C59FD49706},2009/03/25,Kanton,CH22000000,3211.900000000000091,Vaud,CH,"814762",tolochenaz,Lac Léman,l
"85",{3E38FFED-7B29-4D9A-A49D-72C59FD49706},2009/03/25,Kanton,CH22000000,3211.900000000000091,Vaud,CH,"814762",veveyse,Lac Léman,l
"85",{3E38FFED-7B29-4D9A-A49D-72C59FD49706},2009/03/25,Kanton,CH22000000,3211.900000000000091,Vaud,CH,"814762",vidy,Lac Léman,l
"85",{3E38FFED-7B29-4D9A-A49D-72C59FD49706},2009/03/25,Kanton,CH22000000,3211.900000000000091,Vaud,CH,"814762",vidy-ruines,Lac Léman,l
"86",{285A829E-5AC4-469E-A9CE-53C581B935A2},2009/03/25,Kanton,CH22000000,3211.900000000000091,Vaud,CH,"814762",impromptu_cudrefin,Neuenburgersee,l
"86",{285A829E-5AC4-469E-A9CE-53C581B935A2},2009/03/25,Kanton,CH22000000,3211.900000000000091,Vaud,CH,"814762",neuenburgersee_cudrefin_mattera,Neuenburgersee,l
"89",{D9E126CE-638B-49F3-83AD-9917D2C9BB95},2009/03/25,Kanton,CH25000000,282.360000000000014,Genève,CH,"506343",arve_carouge_battistellak,Arve,r
"89",{D9E126CE-638B-49F3-83AD-9917D2C9BB95},2009/03/25,Kanton,CH25000000,282.360000000000014,Genève,CH,"506343",baby-plage-geneva,Lac Léman,l
"89",{D9E126CE-638B-49F3-83AD-9917D2C9BB95},2009/03/25,Kanton,CH25000000,282.360000000000014,Genève,CH,"506343",baby-plage-ii-geneve,Lac Léman,l
"89",{D9E126CE-638B-49F3-83AD-9917D2C9BB95},2009/03/25,Kanton,CH25000000,282.360000000000014,Genève,CH,"506343",jardin-botanique,Lac Léman,l
"89",{D9E126CE-638B-49F3-83AD-9917D2C9BB95},2009/03/25,Kanton,CH25000000,282.360000000000014,Genève,CH,"506343",pont-sous-terre,Rhône,r
"89",{D9E126CE-638B-49F3-83AD-9917D2C9BB95},2009/03/25,Kanton,CH25000000,282.360000000000014,Genève,CH,"506343",rocky-plage,Lac Léman,l
"89",{D9E126CE-638B-49F3-83AD-9917D2C9BB95},2009/03/25,Kanton,CH25000000,282.360000000000014,Genève,CH,"506343",versoix,Lac Léman,l
"89",{D9E126CE-638B-49F3-83AD-9917D2C9BB95},2009/03/25,Kanton,CH25000000,282.360000000000014,Genève,CH,"506343",villa-barton,Lac Léman,l
"90",{A301B858-8046-4692-A37C-9D6A38E84D06},2009/03/25,Kanton,CH25000000,282.360000000000014,Genève,CH,"506343",,,
"91",{0A2CDB56-FF9A-4916-BC59-567299003D4E},2009/03/25,Kanton,CH25000000,282.360000000000014,Genève,CH,"506343",,,
"92",{E807B437-A52B-4B92-91F9-45C612E2A36A},2009/03/25,Kanton,CH19000000,1404.420000000000073,Aargau,CH,"694072",aare-limmatspitz,Aare,r
"92",{E807B437-A52B-4B92-91F9-45C612E2A36A},2009/03/25,Kanton,CH19000000,1404.420000000000073,Aargau,CH,"694072",aare_brugg_buchie,Aare,r
"92",{E807B437-A52B-4B92-91F9-45C612E2A36A},2009/03/25,Kanton,CH19000000,1404.420000000000073,Aargau,CH,"694072",aare_rupperswil_badert,Aare,r
"92",{E807B437-A52B-4B92-91F9-45C612E2A36A},2009/03/25,Kanton,CH19000000,1404.420000000000073,Aargau,CH,"694072",aare_suhrespitz_badert,Aare,r
"92",{E807B437-A52B-4B92-91F9-45C612E2A36A},2009/03/25,Kanton,CH19000000,1404.420000000000073,Aargau,CH,"694072",pfaffner_rothrist_ischik,Pfaffnern,r
"92",{E807B437-A52B-4B92-91F9-45C612E2A36A},2009/03/25,Kanton,CH19000000,1404.420000000000073,Aargau,CH,"694072",reuss,Reuss,r
"92",{E807B437-A52B-4B92-91F9-45C612E2A36A},2009/03/25,Kanton,CH19000000,1404.420000000000073,Aargau,CH,"694072",reuss_ottenbach_schoenenbergerl,Reuss,r
"94",{86B2872E-6ADD-46E8-9447-2296DF685D5E},2020/12/02,Kanton,CH23000000,5224.569999999999709,Valais,CH,"348503",grand-clos,Lac Léman,l
"94",{86B2872E-6ADD-46E8-9447-2296DF685D5E},2020/12/02,Kanton,CH23000000,5224.569999999999709,Valais,CH,"348503",lavey-les-bains,Rhône,r
"94",{86B2872E-6ADD-46E8-9447-2296DF685D5E},2020/12/02,Kanton,CH23000000,5224.569999999999709,Valais,CH,"348503",lavey-les-bains-2,Rhône,r
"94",{86B2872E-6ADD-46E8-9447-2296DF685D5E},2020/12/02,Kanton,CH23000000,5224.569999999999709,Valais,CH,"348503",les-glariers,Rhône,r
"94",{86B2872E-6ADD-46E8-9447-2296DF685D5E},2020/12/02,Kanton,CH23000000,5224.569999999999709,Valais,CH,"348503",les-vieux-ronquoz,Rhône,r
"94",{86B2872E-6ADD-46E8-9447-2296DF685D5E},2020/12/02,Kanton,CH23000000,5224.569999999999709,Valais,CH,"348503",leuk-mattenstrasse,Rhône,r
"94",{86B2872E-6ADD-46E8-9447-2296DF685D5E},2020/12/02,Kanton,CH23000000,5224.569999999999709,Valais,CH,"348503",tschilljus,Rhône,r
"97",{D5D00896-5FF4-476B-8A3A-0024A9CC1DAC},2009/03/25,Kanton,CH06000000,490.800000000000011,Obwalden,CH,"38108",,,
"98",{C03B02F5-275A-4B73-818D-E2294034A3E8},2009/03/25,Kanton,CH06000000,490.800000000000011,Obwalden,CH,"38108",,,
"99",{93DE0361-4373-44DF-B1EC-2B55D7B43390},2009/03/25,Kanton,CH11000000,789.190000000000055,Solothurn,CH,"277462",aare-solothurn-lido-strand,Aare,r
"99",{93DE0361-4373-44DF-B1EC-2B55D7B43390},2009/03/25,Kanton,CH11000000,789.190000000000055,Solothurn,CH,"277462",aare_solothurn_nguyena,Aare,r
"99",{93DE0361-4373-44DF-B1EC-2B55D7B43390},2009/03/25,Kanton,CH11000000,789.190000000000055,Solothurn,CH,"277462",emme_biberist_jennim,Emme,r
"99",{93DE0361-4373-44DF-B1EC-2B55D7B43390},2009/03/25,Kanton,CH11000000,789.190000000000055,Solothurn,CH,"277462",emme_luterbach_huggenbergerk,Emme,r
"99",{93DE0361-4373-44DF-B1EC-2B55D7B43390},2009/03/25,Kanton,CH11000000,789.190000000000055,Solothurn,CH,"277462",spackmatt,Aare,r
"100",{A6C5E34D-90B8-4A2F-A42F-6513B200475B},2009/03/25,Kanton,CH11000000,789.190000000000055,Solothurn,CH,"277462",,,
"101",{3412F984-44E1-42DE-BA22-D8FEA8722A4A},2009/03/25,Kanton,CH11000000,789.190000000000055,Solothurn,CH,"277462",,,
"102",{8D2E46F4-5920-45A0-832F-6031DBCCEA37},2012/01/16,Kanton,CH11000000,789.190000000000055,Solothurn,CH,"277462",,,
"103",{55E95778-5148-4166-B80C-D4E518AF8571},2009/03/25,Kanton,CH24000000,802.340000000000032,Neuchâtel,CH,"175894",camp-des-peches,Bielersee,l
"103",{55E95778-5148-4166-B80C-D4E518AF8571},2009/03/25,Kanton,CH24000000,802.340000000000032,Neuchâtel,CH,"175894",evole-plage,Neuenburgersee,l
"103",{55E95778-5148-4166-B80C-D4E518AF8571},2009/03/25,Kanton,CH24000000,802.340000000000032,Neuchâtel,CH,"175894",hauterive-petite-plage,Neuenburgersee,l
"103",{55E95778-5148-4166-B80C-D4E518AF8571},2009/03/25,Kanton,CH24000000,802.340000000000032,Neuchâtel,CH,"175894",plage-de-serriere,Neuenburgersee,l
"103",{55E95778-5148-4166-B80C-D4E518AF8571},2009/03/25,Kanton,CH24000000,802.340000000000032,Neuchâtel,CH,"175894",pointe-dareuse,Neuenburgersee,l
"104",{235A4813-5803-42A7-9F46-BB1E46B03B83},2009/03/25,Kanton,CH13000000,517.320000000000050,Basel-Landschaft,CH,"290969",birs_basel_grunern,Birs,r
"104",{235A4813-5803-42A7-9F46-BB1E46B03B83},2009/03/25,Kanton,CH13000000,517.320000000000050,Basel-Landschaft,CH,"290969",birs_basel_laderachs,Birs,r
"104",{235A4813-5803-42A7-9F46-BB1E46B03B83},2009/03/25,Kanton,CH13000000,517.320000000000050,Basel-Landschaft,CH,"290969",birs_reinach_dinuccin,Birs,r
"105",{94D62C6A-DCD0-473B-8910-9C29127B7D5B},2009/03/25,Kanton,CH13000000,517.320000000000050,Basel-Landschaft,CH,"290969",,,
"106",{77ECEE6B-DB86-4A07-8AEA-22DE59B46F5D},2009/03/25,Kanton,CH14000000,298.189999999999998,Schaffhausen,CH,"83107",,,
"107",{3E257573-10E0-4D33-B97F-51F68C6C92D6},2009/03/25,Kanton,CH14000000,298.189999999999998,Schaffhausen,CH,"83107",,,
"108",{6647407A-126E-4943-8BE0-CEC075C42C99},2009/03/25,Kanton,CH14000000,298.189999999999998,Schaffhausen,CH,"83107",rhein_hemishofen_stolll,Rhein,r
"111",{61EE05EA-8D10-4019-96EB-D0EF1EEEC741},2014/02/07,Kanton,CH10000000,1671.150000000000091,Fribourg,CH,"325547",schiffenensee_duedingen_hirschij,Schiffenensee,l
"111",{61EE05EA-8D10-4019-96EB-D0EF1EEEC741},2014/02/07,Kanton,CH10000000,1671.150000000000091,Fribourg,CH,"325547",sense_torishaus_g-cubes,Sense,r
"112",{63F845AF-517F-4B33-BAC3-823A10D33250},2009/03/25,Kanton,CH10000000,1671.150000000000091,Fribourg,CH,"325547",,,
"113",{0C76C9FF-1105-452C-B94F-2125CFD73180},2009/03/25,Kanton,CH10000000,1671.150000000000091,Fribourg,CH,"325547",,,
"114",{E62FC5F9-247B-40D6-B218-73FAFA77BE9A},2009/03/25,Kanton,CH10000000,1671.150000000000091,Fribourg,CH,"325547",nouvelle-plage,Neuenburgersee,l
"114",{E62FC5F9-247B-40D6-B218-73FAFA77BE9A},2009/03/25,Kanton,CH10000000,1671.150000000000091,Fribourg,CH,"325547",plage-de-cheyres,Neuenburgersee,l
"114",{E62FC5F9-247B-40D6-B218-73FAFA77BE9A},2009/03/25,Kanton,CH10000000,1671.150000000000091,Fribourg,CH,"325547",ruisseau-de-la-croix-plage,Neuenburgersee,l
"115",{37A1263C-A0D8-446C-83E3-78A8D76D4718},2009/03/25,Kanton,CH10000000,1671.150000000000091,Fribourg,CH,"325547",,,
"116",{120D6732-2A5F-4DB5-A1C1-217AED199A49},2009/03/25,Kanton,CH03000000,1493.539999999999964,Luzern,CH,"416347",reuss_stkarli_linigersimhofy,Reuss,r
"116",{120D6732-2A5F-4DB5-A1C1-217AED199A49},2009/03/25,Kanton,CH03000000,1493.539999999999964,Luzern,CH,"416347",sempachersee_sempach_tampec,Sempachsee,l
"116",{120D6732-2A5F-4DB5-A1C1-217AED199A49},2009/03/25,Kanton,CH03000000,1493.539999999999964,Luzern,CH,"416347",vierwaldstattersee_weggis_schoberls_1,Vierwaldstättersee,l
"116",{120D6732-2A5F-4DB5-A1C1-217AED199A49},2009/03/25,Kanton,CH03000000,1493.539999999999964,Luzern,CH,"416347",vierwaldstattersee_weggis_schoberls_2,Vierwaldstättersee,l
"116",{120D6732-2A5F-4DB5-A1C1-217AED199A49},2009/03/25,Kanton,CH03000000,1493.539999999999964,Luzern,CH,"416347",vierwaldstattersee_weggis_schoberls_3,Vierwaldstättersee,l
"116",{120D6732-2A5F-4DB5-A1C1-217AED199A49},2009/03/25,Kanton,CH03000000,1493.539999999999964,Luzern,CH,"416347",zugersee_immensee_guedesd,Zugersee,l
"118",{85BC7305-C119-45CB-9473-56ABF920576F},2009/03/25,Kanton,CH20000000,995.000000000000000,Thurgau,CH,"282909",berlingen-swisslitterreport,Untersee,l
"118",{85BC7305-C119-45CB-9473-56ABF920576F},2009/03/25,Kanton,CH20000000,995.000000000000000,Thurgau,CH,"282909",bodensee_arbon_moslis,Bodensee,l
"118",{85BC7305-C119-45CB-9473-56ABF920576F},2009/03/25,Kanton,CH20000000,995.000000000000000,Thurgau,CH,"282909",mammern-swisslitterreport,Untersee,l
"118",{85BC7305-C119-45CB-9473-56ABF920576F},2009/03/25,Kanton,CH20000000,995.000000000000000,Thurgau,CH,"282909",murg_waengi_strickerr,Murg,r
"118",{85BC7305-C119-45CB-9473-56ABF920576F},2009/03/25,Kanton,CH20000000,995.000000000000000,Thurgau,CH,"282909",thur_schoenenberg_schaera,Thur,r
"118",{85BC7305-C119-45CB-9473-56ABF920576F},2009/03/25,Kanton,CH20000000,995.000000000000000,Thurgau,CH,"282909",unterdsee_ermatingen_brunkem,Untersee,l
"119",{AEFA8193-FB24-439B-8BAF-3D6B796506D1},2017/12/18,Kanton,CH20000000,995.000000000000000,Thurgau,CH,"282909",bodensee_horn_huberm,Bodensee,l
"121",{5B677A86-7B2E-41B8-802B-4819E2975C10},2013/01/14,Kanton,CH26000000,838.700000000000045,Jura,CH,"73709",sorne_birse_wwfjura,Birs,r
"123",{3393CC08-D148-4CA6-92F1-A583C684AA5A},2009/03/25,Kanton,CH18000000,7107.250000000000000,Graubünden,CH,"200096",inn_pradella_kohlt,Inn,r
"123",{3393CC08-D148-4CA6-92F1-A583C684AA5A},2009/03/25,Kanton,CH18000000,7107.250000000000000,Graubünden,CH,"200096",rhein_domatems_foppa_f,Rhein,r
"123",{3393CC08-D148-4CA6-92F1-A583C684AA5A},2009/03/25,Kanton,CH18000000,7107.250000000000000,Graubünden,CH,"200096",vorderrhein_disentis_schmidn,Vorderrhein,r
"124",{EBFC35F6-F42D-4B7E-A866-4342891471BF},2009/03/25,Kanton,CH15000000,243.020000000000010,Appenzell Ausserrhoden,CH,"55309",urnaesch_urnaesch_meierr,Urnäsch,r
"125",{6D6A4692-C6F8-4F14-BB37-1765329E0876},2009/03/25,Kanton,CH16000000,172.310000000000002,Appenzell Innerrhoden,CH,"16293",,,
"126",{787FD9D7-AB32-4FD2-9007-2776BD6EE0DC},2009/03/25,Kanton,CH16000000,172.310000000000002,Appenzell Innerrhoden,CH,"16293",,,
"127",{C626C75F-2BCE-47F1-B7C8-A73EA914E4FC},2009/03/25,Kanton,CH16000000,172.310000000000002,Appenzell Innerrhoden,CH,"16293",,,
"128",{D30F3920-7B60-4227-B39B-DC0901E390B9},2009/03/25,Kanton,CH12000000,36.930000000000000,Basel-Stadt,CH,"196735",birskopfli-rusco,Birs,r
"128",{D30F3920-7B60-4227-B39B-DC0901E390B9},2009/03/25,Kanton,CH12000000,36.930000000000000,Basel-Stadt,CH,"196735",rhein-beach-tinguely,Rhein,r
"128",{D30F3920-7B60-4227-B39B-DC0901E390B9},2009/03/25,Kanton,CH12000000,36.930000000000000,Basel-Stadt,CH,"196735",rhein_basel,Rhein,r
"128",{D30F3920-7B60-4227-B39B-DC0901E390B9},2009/03/25,Kanton,CH12000000,36.930000000000000,Basel-Stadt,CH,"196735",rhein_basel_hungerbuehlern,Rhein,r
"129",{28139638-70EB-4384-8771-C76CAC62D352},2009/03/25,Kanton,CH02000000,5959.470000000000255,Bern,CH,"1043081",aare-port,Nidau-Büren-Kanal,r
"129",{28139638-70EB-4384-8771-C76CAC62D352},2009/03/25,Kanton,CH02000000,5959.470000000000255,Bern,CH,"1043081",aare_bern_caveltin,Aare,r
"129",{28139638-70EB-4384-8771-C76CAC62D352},2009/03/25,Kanton,CH02000000,5959.470000000000255,Bern,CH,"1043081",aare_bern_gerberm,Aare,r
"129",{28139638-70EB-4384-8771-C76CAC62D352},2009/03/25,Kanton,CH02000000,5959.470000000000255,Bern,CH,"1043081",aare_bern_scheurerk,Aare,r
"129",{28139638-70EB-4384-8771-C76CAC62D352},2009/03/25,Kanton,CH02000000,5959.470000000000255,Bern,CH,"1043081",aare_elfenau_cataldiv,Aare,r
"129",{28139638-70EB-4384-8771-C76CAC62D352},2009/03/25,Kanton,CH02000000,5959.470000000000255,Bern,CH,"1043081",aare_kehrsatz_stolten,Aare,r
"129",{28139638-70EB-4384-8771-C76CAC62D352},2009/03/25,Kanton,CH02000000,5959.470000000000255,Bern,CH,"1043081",aare_koniz_hoppej,Aare,r
"129",{28139638-70EB-4384-8771-C76CAC62D352},2009/03/25,Kanton,CH02000000,5959.470000000000255,Bern,CH,"1043081",aare_post,Nidau-Büren-Kanal,r
"129",{28139638-70EB-4384-8771-C76CAC62D352},2009/03/25,Kanton,CH02000000,5959.470000000000255,Bern,CH,"1043081",aarezufluss_bern_scheurerk,Aare,r
"129",{28139638-70EB-4384-8771-C76CAC62D352},2009/03/25,Kanton,CH02000000,5959.470000000000255,Bern,CH,"1043081",augustmutzenbergstrandweg,Thunersee,l
"129",{28139638-70EB-4384-8771-C76CAC62D352},2009/03/25,Kanton,CH02000000,5959.470000000000255,Bern,CH,"1043081",beich,Aare,r
"129",{28139638-70EB-4384-8771-C76CAC62D352},2009/03/25,Kanton,CH02000000,5959.470000000000255,Bern,CH,"1043081",bern-fahrstrasse,Aare,r
"129",{28139638-70EB-4384-8771-C76CAC62D352},2009/03/25,Kanton,CH02000000,5959.470000000000255,Bern,CH,"1043081",bern-tiergarten,Aare,r
"129",{28139638-70EB-4384-8771-C76CAC62D352},2009/03/25,Kanton,CH02000000,5959.470000000000255,Bern,CH,"1043081",bielersee_vinelz_fankhausers,Bielersee,l
"129",{28139638-70EB-4384-8771-C76CAC62D352},2009/03/25,Kanton,CH02000000,5959.470000000000255,Bern,CH,"1043081",brugg-be-buren-bsg-standort,Nidau-Büren-Kanal,r
"129",{28139638-70EB-4384-8771-C76CAC62D352},2009/03/25,Kanton,CH02000000,5959.470000000000255,Bern,CH,"1043081",camping-gwatt-strand,Thunersee,l
"129",{28139638-70EB-4384-8771-C76CAC62D352},2009/03/25,Kanton,CH02000000,5959.470000000000255,Bern,CH,"1043081",delta-park,Thunersee,l
"129",{28139638-70EB-4384-8771-C76CAC62D352},2009/03/25,Kanton,CH02000000,5959.470000000000255,Bern,CH,"1043081",emme_utzenstorf_gruttert,Emme,r
"129",{28139638-70EB-4384-8771-C76CAC62D352},2009/03/25,Kanton,CH02000000,5959.470000000000255,Bern,CH,"1043081",erlach-camping-strand,Bielersee,l
"129",{28139638-70EB-4384-8771-C76CAC62D352},2009/03/25,Kanton,CH02000000,5959.470000000000255,Bern,CH,"1043081",gals-reserve,Bielersee,l
"129",{28139638-70EB-4384-8771-C76CAC62D352},2009/03/25,Kanton,CH02000000,5959.470000000000255,Bern,CH,"1043081",gummligrabbe,Aare,r
"129",{28139638-70EB-4384-8771-C76CAC62D352},2009/03/25,Kanton,CH02000000,5959.470000000000255,Bern,CH,"1043081",hafeli,Brienzersee,l
"129",{28139638-70EB-4384-8771-C76CAC62D352},2009/03/25,Kanton,CH02000000,5959.470000000000255,Bern,CH,"1043081",langete_langenthal_geiserm,Langeten,r
"129",{28139638-70EB-4384-8771-C76CAC62D352},2009/03/25,Kanton,CH02000000,5959.470000000000255,Bern,CH,"1043081",ligerz-strand,Bielersee,l
"129",{28139638-70EB-4384-8771-C76CAC62D352},2009/03/25,Kanton,CH02000000,5959.470000000000255,Bern,CH,"1043081",lotschebach_bern_scheurerk,Lötschebach,r
"129",{28139638-70EB-4384-8771-C76CAC62D352},2009/03/25,Kanton,CH02000000,5959.470000000000255,Bern,CH,"1043081",luscherz-plage,Bielersee,l
"129",{28139638-70EB-4384-8771-C76CAC62D352},2009/03/25,Kanton,CH02000000,5959.470000000000255,Bern,CH,"1043081",luscherz-two,Bielersee,l
"129",{28139638-70EB-4384-8771-C76CAC62D352},2009/03/25,Kanton,CH02000000,5959.470000000000255,Bern,CH,"1043081",mannewil,Aare,r
"129",{28139638-70EB-4384-8771-C76CAC62D352},2009/03/25,Kanton,CH02000000,5959.470000000000255,Bern,CH,"1043081",mullermatte,Bielersee,l
"129",{28139638-70EB-4384-8771-C76CAC62D352},2009/03/25,Kanton,CH02000000,5959.470000000000255,Bern,CH,"1043081",nidau-strand,Bielersee,l
"129",{28139638-70EB-4384-8771-C76CAC62D352},2009/03/25,Kanton,CH02000000,5959.470000000000255,Bern,CH,"1043081",oben-am-see,Brienzersee,l
"129",{28139638-70EB-4384-8771-C76CAC62D352},2009/03/25,Kanton,CH02000000,5959.470000000000255,Bern,CH,"1043081",oberi-chlihochstetten,Aare,r
"129",{28139638-70EB-4384-8771-C76CAC62D352},2009/03/25,Kanton,CH02000000,5959.470000000000255,Bern,CH,"1043081",schusspark-strand,Schüss,r
"129",{28139638-70EB-4384-8771-C76CAC62D352},2009/03/25,Kanton,CH02000000,5959.470000000000255,Bern,CH,"1043081",schutzenmatte,Emme,r
"129",{28139638-70EB-4384-8771-C76CAC62D352},2009/03/25,Kanton,CH02000000,5959.470000000000255,Bern,CH,"1043081",strandboden-biel,Bielersee,l
"129",{28139638-70EB-4384-8771-C76CAC62D352},2009/03/25,Kanton,CH02000000,5959.470000000000255,Bern,CH,"1043081",sundbach-strand,Thunersee,l
"129",{28139638-70EB-4384-8771-C76CAC62D352},2009/03/25,Kanton,CH02000000,5959.470000000000255,Bern,CH,"1043081",thun-strandbad,Thunersee,l
"129",{28139638-70EB-4384-8771-C76CAC62D352},2009/03/25,Kanton,CH02000000,5959.470000000000255,Bern,CH,"1043081",thunersee_spiez_meierd_1,Thunersee,l
"129",{28139638-70EB-4384-8771-C76CAC62D352},2009/03/25,Kanton,CH02000000,5959.470000000000255,Bern,CH,"1043081",weissenau-neuhaus,Thunersee,l
"129",{28139638-70EB-4384-8771-C76CAC62D352},2009/03/25,Kanton,CH02000000,5959.470000000000255,Bern,CH,"1043081",wycheley,Brienzersee,l
"129",{28139638-70EB-4384-8771-C76CAC62D352},2009/03/25,Kanton,CH02000000,5959.470000000000255,Bern,CH,"1043081",zulg_steffisburg_schmassmanne,Zulg,r
"130",{1043D83A-7041-4068-A28F-A171CE136CD4},2009/03/25,Kanton,CH02000000,5959.470000000000255,Bern,CH,"1043081",,,
"131",{03C8E2C5-55C1-4B52-A64B-81E5E210DBB8},2009/03/25,Kanton,CH02000000,5959.470000000000255,Bern,CH,"1043081",,,
"132",{79104BAB-1FFA-46F9-99C9-CE644C9EC0B5},2009/03/25,Kanton,CH01000000,1728.480000000000018,Zürich,CH,"1553423",chriesbach_duebendorf_schneidera,Chriesbach,r
"132",{79104BAB-1FFA-46F9-99C9-CE644C9EC0B5},2009/03/25,Kanton,CH01000000,1728.480000000000018,Zürich,CH,"1553423",glatt_oerlikon_covosn,Glatt,r
"132",{79104BAB-1FFA-46F9-99C9-CE644C9EC0B5},2009/03/25,Kanton,CH01000000,1728.480000000000018,Zürich,CH,"1553423",greifensee_fallanden_meistery,Greifensee,l
"132",{79104BAB-1FFA-46F9-99C9-CE644C9EC0B5},2009/03/25,Kanton,CH01000000,1728.480000000000018,Zürich,CH,"1553423",greifensee_fallanden_simmenc,Greifensee,l
"132",{79104BAB-1FFA-46F9-99C9-CE644C9EC0B5},2009/03/25,Kanton,CH01000000,1728.480000000000018,Zürich,CH,"1553423",greifensee_greifensee_simmenc,Greifensee,l
"132",{79104BAB-1FFA-46F9-99C9-CE644C9EC0B5},2009/03/25,Kanton,CH01000000,1728.480000000000018,Zürich,CH,"1553423",greifensee_maur_simmenc,Greifensee,l
"132",{79104BAB-1FFA-46F9-99C9-CE644C9EC0B5},2009/03/25,Kanton,CH01000000,1728.480000000000018,Zürich,CH,"1553423",greifensee_uster_fischerb_-2,Greifensee,l
"132",{79104BAB-1FFA-46F9-99C9-CE644C9EC0B5},2009/03/25,Kanton,CH01000000,1728.480000000000018,Zürich,CH,"1553423",greifensee_uster_fischerb_1,Greifensee,l
"132",{79104BAB-1FFA-46F9-99C9-CE644C9EC0B5},2009/03/25,Kanton,CH01000000,1728.480000000000018,Zürich,CH,"1553423",grendelbach_effretikon_dambonec,Grändelbach,r
"132",{79104BAB-1FFA-46F9-99C9-CE644C9EC0B5},2009/03/25,Kanton,CH01000000,1728.480000000000018,Zürich,CH,"1553423",jona_tann_nusslin,Jona,r
"132",{79104BAB-1FFA-46F9-99C9-CE644C9EC0B5},2009/03/25,Kanton,CH01000000,1728.480000000000018,Zürich,CH,"1553423",katzenbach_zuerich_sanesim,Katzensee,l
"132",{79104BAB-1FFA-46F9-99C9-CE644C9EC0B5},2009/03/25,Kanton,CH01000000,1728.480000000000018,Zürich,CH,"1553423",katzensee_regensdorfzuerichaffoltern_stueberj,Katzensee,l
"132",{79104BAB-1FFA-46F9-99C9-CE644C9EC0B5},2009/03/25,Kanton,CH01000000,1728.480000000000018,Zürich,CH,"1553423",kusnachter-dorfbach-tobelweg-1-4,Dorfbach,r
"132",{79104BAB-1FFA-46F9-99C9-CE644C9EC0B5},2009/03/25,Kanton,CH01000000,1728.480000000000018,Zürich,CH,"1553423",limmat_dietikon_keiserp,Limmat,r
"132",{79104BAB-1FFA-46F9-99C9-CE644C9EC0B5},2009/03/25,Kanton,CH01000000,1728.480000000000018,Zürich,CH,"1553423",limmat_unterengstringen_oggierbuhrer,Limmat,r
"132",{79104BAB-1FFA-46F9-99C9-CE644C9EC0B5},2009/03/25,Kanton,CH01000000,1728.480000000000018,Zürich,CH,"1553423",limmat_zuerich_jansena,Limmat,r
"132",{79104BAB-1FFA-46F9-99C9-CE644C9EC0B5},2009/03/25,Kanton,CH01000000,1728.480000000000018,Zürich,CH,"1553423",limmat_zuerich_suterdglauserp,Limmat,r
"132",{79104BAB-1FFA-46F9-99C9-CE644C9EC0B5},2009/03/25,Kanton,CH01000000,1728.480000000000018,Zürich,CH,"1553423",limmat_zuerich_wagnerc,Limmat,r
"132",{79104BAB-1FFA-46F9-99C9-CE644C9EC0B5},2009/03/25,Kanton,CH01000000,1728.480000000000018,Zürich,CH,"1553423",limmat_zurich_mortensena_meiera,Limmat,r
"132",{79104BAB-1FFA-46F9-99C9-CE644C9EC0B5},2009/03/25,Kanton,CH01000000,1728.480000000000018,Zürich,CH,"1553423",rhein_eglisau_gomringerp,Rhein,r
"132",{79104BAB-1FFA-46F9-99C9-CE644C9EC0B5},2009/03/25,Kanton,CH01000000,1728.480000000000018,Zürich,CH,"1553423",sihl_adliswil_oggi_fort,Sihl,r
"132",{79104BAB-1FFA-46F9-99C9-CE644C9EC0B5},2009/03/25,Kanton,CH01000000,1728.480000000000018,Zürich,CH,"1553423",sihl_leimbach_kruegerm,Sihl,r
"132",{79104BAB-1FFA-46F9-99C9-CE644C9EC0B5},2009/03/25,Kanton,CH01000000,1728.480000000000018,Zürich,CH,"1553423",sihl_zuerich_eggerskoehlingera,Sihl,r
"132",{79104BAB-1FFA-46F9-99C9-CE644C9EC0B5},2009/03/25,Kanton,CH01000000,1728.480000000000018,Zürich,CH,"1553423",sihl_zuerich_eichenbergerd,Sihl,r
"132",{79104BAB-1FFA-46F9-99C9-CE644C9EC0B5},2009/03/25,Kanton,CH01000000,1728.480000000000018,Zürich,CH,"1553423",sihl_zuerich_scherfs,Sihl,r
"132",{79104BAB-1FFA-46F9-99C9-CE644C9EC0B5},2009/03/25,Kanton,CH01000000,1728.480000000000018,Zürich,CH,"1553423",sihl_zurich_himmelhebern,Sihl,r
"132",{79104BAB-1FFA-46F9-99C9-CE644C9EC0B5},2009/03/25,Kanton,CH01000000,1728.480000000000018,Zürich,CH,"1553423",toss_bauma_kurthe,Töss,r
"132",{79104BAB-1FFA-46F9-99C9-CE644C9EC0B5},2009/03/25,Kanton,CH01000000,1728.480000000000018,Zürich,CH,"1553423",toss_kollbrunn_burgid,Töss,r
"132",{79104BAB-1FFA-46F9-99C9-CE644C9EC0B5},2009/03/25,Kanton,CH01000000,1728.480000000000018,Zürich,CH,"1553423",toss_winterthur-2,Töss,r
"132",{79104BAB-1FFA-46F9-99C9-CE644C9EC0B5},2009/03/25,Kanton,CH01000000,1728.480000000000018,Zürich,CH,"1553423",zuerichsee_maennedorf_vanderkaadene,Zürichsee,l
"132",{79104BAB-1FFA-46F9-99C9-CE644C9EC0B5},2009/03/25,Kanton,CH01000000,1728.480000000000018,Zürich,CH,"1553423",zuerichsee_richterswil_benkoem_2,Zürichsee,l
"132",{79104BAB-1FFA-46F9-99C9-CE644C9EC0B5},2009/03/25,Kanton,CH01000000,1728.480000000000018,Zürich,CH,"1553423",zuerichsee_staefa_hennm,Zürichsee,l
"132",{79104BAB-1FFA-46F9-99C9-CE644C9EC0B5},2009/03/25,Kanton,CH01000000,1728.480000000000018,Zürich,CH,"1553423",zuerichsee_waedenswil_colomboc_1,Zürichsee,l
"132",{79104BAB-1FFA-46F9-99C9-CE644C9EC0B5},2009/03/25,Kanton,CH01000000,1728.480000000000018,Zürich,CH,"1553423",zuerichsee_zurich_kullg,Zürichsee,l
"132",{79104BAB-1FFA-46F9-99C9-CE644C9EC0B5},2009/03/25,Kanton,CH01000000,1728.480000000000018,Zürich,CH,"1553423",zurcher-strand,Zürichsee,l
"132",{79104BAB-1FFA-46F9-99C9-CE644C9EC0B5},2009/03/25,Kanton,CH01000000,1728.480000000000018,Zürich,CH,"1553423",zurichsee-feldeggstr-banningersand,Zürichsee,l
"132",{79104BAB-1FFA-46F9-99C9-CE644C9EC0B5},2009/03/25,Kanton,CH01000000,1728.480000000000018,Zürich,CH,"1553423",zurichsee_kusnachterhorn_thirkell-whitej,Zürichsee,l
"132",{79104BAB-1FFA-46F9-99C9-CE644C9EC0B5},2009/03/25,Kanton,CH01000000,1728.480000000000018,Zürich,CH,"1553423",zurichsee_wollishofen_langendorfm,Zürichsee,l
